client,source_system_erp,material_number,plant,base_unit_of_measure,global_material_number,valuation_area,branch_name,price_control_indicator,moving_average_price,standard_price,price_unit,valuation_class,company_code,currency_key,primary_key_intra,primary_key_inter,mtl_plant_emd,global_mtl_id
ad57366865126e55649ecb23ae1d48887544976efea46a48eb5d85a6eeb4d306,9b209a8df4da4b8d1324a72922683c465c740844eef3302799083ed553935116,05f24d68ee56790543e0c8c8483827a25bf9c282b9104fac604789a17948f59b,16189a630bebe5af2758070eb7d92ccb12edc3d4913a9c48754b8ba60e98fc8a,88ed32099fc71a59d6849a77735f947e17ebdd813cefc4742682dcadbeecf920,05f24d68ee56790543e0c8c8483827a25bf9c282b9104fac604789a17948f59b,16189a630bebe5af2758070eb7d92ccb12edc3d4913a9c48754b8ba60e98fc8a,53ed8e96bb2d5958f38c412073481d6f5e15404426cc1f8e536d0c4f8a14941d,8de0b3c47f112c59745f717a626932264c422a7563954872e237b223af4ad643,6.691332478786042,194.31584970280406,390.3755054067474,22191a9215264bb24037d3fa2e7d1516c97813abb7aa0a417e5a157910fb0af7,e1d7f43356d74d3d386ed62f017f430265f242c79247ce069014db3ea33e5d23,,590c5df14b93564b3822eeb4d5b6468ea992f92499c1692edcfcdf555a78e39f-16189a630bebe5af2758070eb7d92ccb12edc3d4913a9c48754b8ba60e98fc8a,9b209a8df4da4b8d1324a72922683c465c740844eef3302799083ed553935116-590c5df14b93564b3822eeb4d5b6468ea992f92499c1692edcfcdf555a78e39f-16189a630bebe5af2758070eb7d92ccb12edc3d4913a9c48754b8ba60e98fc8a,438b12d92f6b9844e3d62f94428d6e921ae6e5c5d99782fd4504bd9f47c01f32,590c5df14b93564b3822eeb4d5b6468ea992f92499c1692edcfcdf555a78e39f
ad57366865126e55649ecb23ae1d48887544976efea46a48eb5d85a6eeb4d306,9b209a8df4da4b8d1324a72922683c465c740844eef3302799083ed553935116,05f24d68ee56790543e0c8c8483827a25bf9c282b9104fac604789a17948f59b,55884750c4a8f29a9ee3ed3823b2e64f3320f13c3a04ec45e1b2ef79518d8ebe,88ed32099fc71a59d6849a77735f947e17ebdd813cefc4742682dcadbeecf920,05f24d68ee56790543e0c8c8483827a25bf9c282b9104fac604789a17948f59b,55884750c4a8f29a9ee3ed3823b2e64f3320f13c3a04ec45e1b2ef79518d8ebe,909f349a11c33c4e7c4845446943a23827c6265f93636e33c0bbbabe7e741381,8de0b3c47f112c59745f717a626932264c422a7563954872e237b223af4ad643,196.7077166067686,280.798671611764,41.907179141606406,22191a9215264bb24037d3fa2e7d1516c97813abb7aa0a417e5a157910fb0af7,8998a8bd0c07312e37714bb0f48265d13af8acb0e09aec29a6fd09d95b0d3dbe,a4d8d54d911941f3926f0b21a8aa8d8ee2ba8951b017d8157f5a3e7712869ef2,590c5df14b93564b3822eeb4d5b6468ea992f92499c1692edcfcdf555a78e39f-55884750c4a8f29a9ee3ed3823b2e64f3320f13c3a04ec45e1b2ef79518d8ebe,9b209a8df4da4b8d1324a72922683c465c740844eef3302799083ed553935116-590c5df14b93564b3822eeb4d5b6468ea992f92499c1692edcfcdf555a78e39f-55884750c4a8f29a9ee3ed3823b2e64f3320f13c3a04ec45e1b2ef79518d8ebe,148a79f0901eb47f0759e9e724854d1b94f80d5f97f30fc1200bdd6a7179ec2d,590c5df14b93564b3822eeb4d5b6468ea992f92499c1692edcfcdf555a78e39f
ad57366865126e55649ecb23ae1d48887544976efea46a48eb5d85a6eeb4d306,9b209a8df4da4b8d1324a72922683c465c740844eef3302799083ed553935116,05f24d68ee56790543e0c8c8483827a25bf9c282b9104fac604789a17948f59b,604edb6abb13f37743fc6457e66514ad09820665926dd2f1b1b4ffed85f636a9,88ed32099fc71a59d6849a77735f947e17ebdd813cefc4742682dcadbeecf920,05f24d68ee56790543e0c8c8483827a25bf9c282b9104fac604789a17948f59b,604edb6abb13f37743fc6457e66514ad09820665926dd2f1b1b4ffed85f636a9,fda12f6395bf4dc3ceb526816cc7e07abc502a55c22ea1d2585975cc306da2f8,de5a6f78116eca62d7fc5ce159d23ae6b889b365a1739ad2cf36f925a140d0cc,854.0573380093924,599.4088946974682,25.496651247957356,22191a9215264bb24037d3fa2e7d1516c97813abb7aa0a417e5a157910fb0af7,5197627d863bc5ca1b299ee330a60b1bc4bb2078bc0acd15f2881a8c593f695e,402419e92096bd4ab499de51bffcdcacb13eeb4b6452b327a334799ffd9f4df5,590c5df14b93564b3822eeb4d5b6468ea992f92499c1692edcfcdf555a78e39f-604edb6abb13f37743fc6457e66514ad09820665926dd2f1b1b4ffed85f636a9,9b209a8df4da4b8d1324a72922683c465c740844eef3302799083ed553935116-590c5df14b93564b3822eeb4d5b6468ea992f92499c1692edcfcdf555a78e39f-604edb6abb13f37743fc6457e66514ad09820665926dd2f1b1b4ffed85f636a9,05051571909e99915e7b7ccec6e680dd6142531a792d2c6e95024c7f8917f490,590c5df14b93564b3822eeb4d5b6468ea992f92499c1692edcfcdf555a78e39f
ad57366865126e55649ecb23ae1d48887544976efea46a48eb5d85a6eeb4d306,9b209a8df4da4b8d1324a72922683c465c740844eef3302799083ed553935116,05f24d68ee56790543e0c8c8483827a25bf9c282b9104fac604789a17948f59b,eb06b33ea7d020074c0e9df804c2b1168e531f64ec7fc3b7521fc25317be446c,88ed32099fc71a59d6849a77735f947e17ebdd813cefc4742682dcadbeecf920,05f24d68ee56790543e0c8c8483827a25bf9c282b9104fac604789a17948f59b,eb06b33ea7d020074c0e9df804c2b1168e531f64ec7fc3b7521fc25317be446c,b3075efe86e9bd868aac282f0e149dd27bcf91af29b9d010fcf40c30dcdb2c03,de5a6f78116eca62d7fc5ce159d23ae6b889b365a1739ad2cf36f925a140d0cc,341.7498375571689,341.90129778467235,1071.6263466490125,22191a9215264bb24037d3fa2e7d1516c97813abb7aa0a417e5a157910fb0af7,edefdc4eb2222679784f027be898abf8ec04ad17b9c36f04a36b63f3b66689fb,02cb6fa562753c7e2863d7f7251cff6d60435180f1b80156a5a220d591047b3b,590c5df14b93564b3822eeb4d5b6468ea992f92499c1692edcfcdf555a78e39f-eb06b33ea7d020074c0e9df804c2b1168e531f64ec7fc3b7521fc25317be446c,9b209a8df4da4b8d1324a72922683c465c740844eef3302799083ed553935116-590c5df14b93564b3822eeb4d5b6468ea992f92499c1692edcfcdf555a78e39f-eb06b33ea7d020074c0e9df804c2b1168e531f64ec7fc3b7521fc25317be446c,787525d782b7f56685e2749f9be3507d44f69f5c2531b45a1c1f732100f3da0e,590c5df14b93564b3822eeb4d5b6468ea992f92499c1692edcfcdf555a78e39f
ad57366865126e55649ecb23ae1d48887544976efea46a48eb5d85a6eeb4d306,9b209a8df4da4b8d1324a72922683c465c740844eef3302799083ed553935116,dd6504630aa8b1bc7f8a5a652dde28b72a6d683c59d4fa8763d310486862388a,03bd92369bd0c6b48f1d2d2cc6dc57bdbd78d14287aee8ae25b97436659fc7f2,72dfcfb0c470ac255cde83fb8fe38de8a128188e03ea5ba5b2a93adbea1062fa,dd6504630aa8b1bc7f8a5a652dde28b72a6d683c59d4fa8763d310486862388a,03bd92369bd0c6b48f1d2d2cc6dc57bdbd78d14287aee8ae25b97436659fc7f2,e6b72e81ff50b2b18c7d45f64d711227ad3d2415b1cdcb16081380da7d0d406c,8de0b3c47f112c59745f717a626932264c422a7563954872e237b223af4ad643,310.1395354968176,125.0817624774806,357.45446423793817,ebafc7f8530e495245bdfba503810ccef462ce7630766e7e1b9ec8dec07f160d,e1d7f43356d74d3d386ed62f017f430265f242c79247ce069014db3ea33e5d23,,73247d2a426212859ed5573281c4fb0f1ac040983509226591035355f4d0fa68-03bd92369bd0c6b48f1d2d2cc6dc57bdbd78d14287aee8ae25b97436659fc7f2,9b209a8df4da4b8d1324a72922683c465c740844eef3302799083ed553935116-73247d2a426212859ed5573281c4fb0f1ac040983509226591035355f4d0fa68-03bd92369bd0c6b48f1d2d2cc6dc57bdbd78d14287aee8ae25b97436659fc7f2,a9ed529e11704e4cfee2e43cd5fedff74fd68f7802a80770fdf678675c26e624,73247d2a426212859ed5573281c4fb0f1ac040983509226591035355f4d0fa68
ad57366865126e55649ecb23ae1d48887544976efea46a48eb5d85a6eeb4d306,9b209a8df4da4b8d1324a72922683c465c740844eef3302799083ed553935116,dd6504630aa8b1bc7f8a5a652dde28b72a6d683c59d4fa8763d310486862388a,0955c5b3f55241a7d06dfdf4e7862d96a81ff3166ef14703cd2f97c7dbf31a3f,72dfcfb0c470ac255cde83fb8fe38de8a128188e03ea5ba5b2a93adbea1062fa,dd6504630aa8b1bc7f8a5a652dde28b72a6d683c59d4fa8763d310486862388a,0955c5b3f55241a7d06dfdf4e7862d96a81ff3166ef14703cd2f97c7dbf31a3f,5db9f81a40eaf668c940169d144e2725ff739caa0e36418d03a864dc3ee858ed,de5a6f78116eca62d7fc5ce159d23ae6b889b365a1739ad2cf36f925a140d0cc,52.68809963605028,343.25371906690776,41.697677002086316,ebafc7f8530e495245bdfba503810ccef462ce7630766e7e1b9ec8dec07f160d,e1d7f43356d74d3d386ed62f017f430265f242c79247ce069014db3ea33e5d23,,73247d2a426212859ed5573281c4fb0f1ac040983509226591035355f4d0fa68-0955c5b3f55241a7d06dfdf4e7862d96a81ff3166ef14703cd2f97c7dbf31a3f,9b209a8df4da4b8d1324a72922683c465c740844eef3302799083ed553935116-73247d2a426212859ed5573281c4fb0f1ac040983509226591035355f4d0fa68-0955c5b3f55241a7d06dfdf4e7862d96a81ff3166ef14703cd2f97c7dbf31a3f,04a8f4d951a8e97806c71b727dc13480a2f36801320c9eac6c4040993f153b77,73247d2a426212859ed5573281c4fb0f1ac040983509226591035355f4d0fa68
ad57366865126e55649ecb23ae1d48887544976efea46a48eb5d85a6eeb4d306,9b209a8df4da4b8d1324a72922683c465c740844eef3302799083ed553935116,dd6504630aa8b1bc7f8a5a652dde28b72a6d683c59d4fa8763d310486862388a,0fdfe7858aa3bd7e1cd239c79505bf2722a65e25f07f4e96bdf936829c3f7fa7,72dfcfb0c470ac255cde83fb8fe38de8a128188e03ea5ba5b2a93adbea1062fa,dd6504630aa8b1bc7f8a5a652dde28b72a6d683c59d4fa8763d310486862388a,0fdfe7858aa3bd7e1cd239c79505bf2722a65e25f07f4e96bdf936829c3f7fa7,449731bacef08049ae3c59d46c7f90b7d2d1f01b14b6b41528b3cb5a261709b7,de5a6f78116eca62d7fc5ce159d23ae6b889b365a1739ad2cf36f925a140d0cc,30.779230185547412,60.62166713015495,153.28002045624783,ebafc7f8530e495245bdfba503810ccef462ce7630766e7e1b9ec8dec07f160d,a0889934937cf66847cc1458caae5017b3f6e64bda046cdd2a8366897721cd15,a7c07c281fad3bc0dea584ddb53461ff7e09897f6ee7bf2e30110c9eff9a7d84,73247d2a426212859ed5573281c4fb0f1ac040983509226591035355f4d0fa68-0fdfe7858aa3bd7e1cd239c79505bf2722a65e25f07f4e96bdf936829c3f7fa7,9b209a8df4da4b8d1324a72922683c465c740844eef3302799083ed553935116-73247d2a426212859ed5573281c4fb0f1ac040983509226591035355f4d0fa68-0fdfe7858aa3bd7e1cd239c79505bf2722a65e25f07f4e96bdf936829c3f7fa7,921c58948b2013025c29465c775ffdfe8e4027ce3a6083a542da24798d34024a,73247d2a426212859ed5573281c4fb0f1ac040983509226591035355f4d0fa68
ad57366865126e55649ecb23ae1d48887544976efea46a48eb5d85a6eeb4d306,9b209a8df4da4b8d1324a72922683c465c740844eef3302799083ed553935116,dd6504630aa8b1bc7f8a5a652dde28b72a6d683c59d4fa8763d310486862388a,16189a630bebe5af2758070eb7d92ccb12edc3d4913a9c48754b8ba60e98fc8a,72dfcfb0c470ac255cde83fb8fe38de8a128188e03ea5ba5b2a93adbea1062fa,dd6504630aa8b1bc7f8a5a652dde28b72a6d683c59d4fa8763d310486862388a,16189a630bebe5af2758070eb7d92ccb12edc3d4913a9c48754b8ba60e98fc8a,53ed8e96bb2d5958f38c412073481d6f5e15404426cc1f8e536d0c4f8a14941d,8de0b3c47f112c59745f717a626932264c422a7563954872e237b223af4ad643,219.53826137739844,130.4258275857162,224.64534710922757,ebafc7f8530e495245bdfba503810ccef462ce7630766e7e1b9ec8dec07f160d,e1d7f43356d74d3d386ed62f017f430265f242c79247ce069014db3ea33e5d23,,73247d2a426212859ed5573281c4fb0f1ac040983509226591035355f4d0fa68-16189a630bebe5af2758070eb7d92ccb12edc3d4913a9c48754b8ba60e98fc8a,9b209a8df4da4b8d1324a72922683c465c740844eef3302799083ed553935116-73247d2a426212859ed5573281c4fb0f1ac040983509226591035355f4d0fa68-16189a630bebe5af2758070eb7d92ccb12edc3d4913a9c48754b8ba60e98fc8a,438b12d92f6b9844e3d62f94428d6e921ae6e5c5d99782fd4504bd9f47c01f32,73247d2a426212859ed5573281c4fb0f1ac040983509226591035355f4d0fa68
ad57366865126e55649ecb23ae1d48887544976efea46a48eb5d85a6eeb4d306,9b209a8df4da4b8d1324a72922683c465c740844eef3302799083ed553935116,dd6504630aa8b1bc7f8a5a652dde28b72a6d683c59d4fa8763d310486862388a,1c745fae3fcd85f0611e967836f201e5adfc3f1859aa5f2209b6f75cb09223e4,72dfcfb0c470ac255cde83fb8fe38de8a128188e03ea5ba5b2a93adbea1062fa,dd6504630aa8b1bc7f8a5a652dde28b72a6d683c59d4fa8763d310486862388a,1c745fae3fcd85f0611e967836f201e5adfc3f1859aa5f2209b6f75cb09223e4,d4eda2a3f53d866b01d6aa02c10c6caefa9c1765f31dfeaa1b021155af9062b6,de5a6f78116eca62d7fc5ce159d23ae6b889b365a1739ad2cf36f925a140d0cc,38.37892485225118,248.0989272016762,300.89807640789115,ebafc7f8530e495245bdfba503810ccef462ce7630766e7e1b9ec8dec07f160d,b9d20980fc952ea0a6b4a81719b43780104e7b631af10ca071a65f02e6b08c8a,3a14761aebfa65eb32b531384af25307019448a30721b33daee8919eefaf553e,73247d2a426212859ed5573281c4fb0f1ac040983509226591035355f4d0fa68-1c745fae3fcd85f0611e967836f201e5adfc3f1859aa5f2209b6f75cb09223e4,9b209a8df4da4b8d1324a72922683c465c740844eef3302799083ed553935116-73247d2a426212859ed5573281c4fb0f1ac040983509226591035355f4d0fa68-1c745fae3fcd85f0611e967836f201e5adfc3f1859aa5f2209b6f75cb09223e4,191f254a31f0ab502fdba8166c104075166a75175b668fac548e879b1ff85409,73247d2a426212859ed5573281c4fb0f1ac040983509226591035355f4d0fa68
ad57366865126e55649ecb23ae1d48887544976efea46a48eb5d85a6eeb4d306,9b209a8df4da4b8d1324a72922683c465c740844eef3302799083ed553935116,dd6504630aa8b1bc7f8a5a652dde28b72a6d683c59d4fa8763d310486862388a,231a926b3ff4463f67e7621062be8a87471ee1c0313865f5136131d3d47ab930,72dfcfb0c470ac255cde83fb8fe38de8a128188e03ea5ba5b2a93adbea1062fa,dd6504630aa8b1bc7f8a5a652dde28b72a6d683c59d4fa8763d310486862388a,231a926b3ff4463f67e7621062be8a87471ee1c0313865f5136131d3d47ab930,28ff3c45dde4c6f15252c5e650a2568fd8e2c48c1672857daa74efb6df455814,de5a6f78116eca62d7fc5ce159d23ae6b889b365a1739ad2cf36f925a140d0cc,210.44517513805567,76.91198220739709,481.7723920456694,ebafc7f8530e495245bdfba503810ccef462ce7630766e7e1b9ec8dec07f160d,3304a70c4976a60204abc078522a8a323118e1606ee9ac323220d26ae3a74cde,c529aa55a13908b476bf52b299e65a8ca0f4190406b0bf88c7fefed105317a02,73247d2a426212859ed5573281c4fb0f1ac040983509226591035355f4d0fa68-231a926b3ff4463f67e7621062be8a87471ee1c0313865f5136131d3d47ab930,9b209a8df4da4b8d1324a72922683c465c740844eef3302799083ed553935116-73247d2a426212859ed5573281c4fb0f1ac040983509226591035355f4d0fa68-231a926b3ff4463f67e7621062be8a87471ee1c0313865f5136131d3d47ab930,9ff650d244ed4f12d5cf6d782134123bef427aae561d6bcde93e8a9f847e7c63,73247d2a426212859ed5573281c4fb0f1ac040983509226591035355f4d0fa68
ad57366865126e55649ecb23ae1d48887544976efea46a48eb5d85a6eeb4d306,9b209a8df4da4b8d1324a72922683c465c740844eef3302799083ed553935116,dd6504630aa8b1bc7f8a5a652dde28b72a6d683c59d4fa8763d310486862388a,2ae51b830ea8f460604c4356851b6a11d0037ddfc89e1364ceb9e0870c496f2a,72dfcfb0c470ac255cde83fb8fe38de8a128188e03ea5ba5b2a93adbea1062fa,dd6504630aa8b1bc7f8a5a652dde28b72a6d683c59d4fa8763d310486862388a,2ae51b830ea8f460604c4356851b6a11d0037ddfc89e1364ceb9e0870c496f2a,bcdaeb09ce6fdd4408ea6fb1afce5fd1e0eedb48dbaa25cbfcd82f5bfb10f594,de5a6f78116eca62d7fc5ce159d23ae6b889b365a1739ad2cf36f925a140d0cc,213.10950674427866,249.81344970463,212.99201552206486,ebafc7f8530e495245bdfba503810ccef462ce7630766e7e1b9ec8dec07f160d,2a64209cc8ceb35a929cf2534cf9641545720b61ea4a1d1ac0891986f69484b5,402419e92096bd4ab499de51bffcdcacb13eeb4b6452b327a334799ffd9f4df5,73247d2a426212859ed5573281c4fb0f1ac040983509226591035355f4d0fa68-2ae51b830ea8f460604c4356851b6a11d0037ddfc89e1364ceb9e0870c496f2a,9b209a8df4da4b8d1324a72922683c465c740844eef3302799083ed553935116-73247d2a426212859ed5573281c4fb0f1ac040983509226591035355f4d0fa68-2ae51b830ea8f460604c4356851b6a11d0037ddfc89e1364ceb9e0870c496f2a,52fa2e75bac41c58e13c209054309c15226e87f814cf41320402ce8230c7117c,73247d2a426212859ed5573281c4fb0f1ac040983509226591035355f4d0fa68
ad57366865126e55649ecb23ae1d48887544976efea46a48eb5d85a6eeb4d306,9b209a8df4da4b8d1324a72922683c465c740844eef3302799083ed553935116,dd6504630aa8b1bc7f8a5a652dde28b72a6d683c59d4fa8763d310486862388a,2de487e1af8b28123d8b782b00514c8941e03c581bcc77f07a0b61592a410d9a,72dfcfb0c470ac255cde83fb8fe38de8a128188e03ea5ba5b2a93adbea1062fa,dd6504630aa8b1bc7f8a5a652dde28b72a6d683c59d4fa8763d310486862388a,2de487e1af8b28123d8b782b00514c8941e03c581bcc77f07a0b61592a410d9a,37d1b44d658fd91671a010644f1a6ce996bab1f0a1d42a495065078439172cdf,de5a6f78116eca62d7fc5ce159d23ae6b889b365a1739ad2cf36f925a140d0cc,347.24299898857265,56.368908367592574,199.74403947416636,ebafc7f8530e495245bdfba503810ccef462ce7630766e7e1b9ec8dec07f160d,e639b46fe80bfdcdde30beeed7eeec9be7098b283f6fdf3d5590e84fc22d0dca,02cb6fa562753c7e2863d7f7251cff6d60435180f1b80156a5a220d591047b3b,73247d2a426212859ed5573281c4fb0f1ac040983509226591035355f4d0fa68-2de487e1af8b28123d8b782b00514c8941e03c581bcc77f07a0b61592a410d9a,9b209a8df4da4b8d1324a72922683c465c740844eef3302799083ed553935116-73247d2a426212859ed5573281c4fb0f1ac040983509226591035355f4d0fa68-2de487e1af8b28123d8b782b00514c8941e03c581bcc77f07a0b61592a410d9a,b2a19ea9aa1c6cb438aa7b0f5c629d8d902dce619cdb73a0d466a6188e5fccf8,73247d2a426212859ed5573281c4fb0f1ac040983509226591035355f4d0fa68
ad57366865126e55649ecb23ae1d48887544976efea46a48eb5d85a6eeb4d306,9b209a8df4da4b8d1324a72922683c465c740844eef3302799083ed553935116,dd6504630aa8b1bc7f8a5a652dde28b72a6d683c59d4fa8763d310486862388a,315ba43a0ea20486d279d33df4f8368f02cd0137a12af4231f0226d9bbb63bac,72dfcfb0c470ac255cde83fb8fe38de8a128188e03ea5ba5b2a93adbea1062fa,dd6504630aa8b1bc7f8a5a652dde28b72a6d683c59d4fa8763d310486862388a,315ba43a0ea20486d279d33df4f8368f02cd0137a12af4231f0226d9bbb63bac,b4180981facb4d52450ab5633ea7742b5f1de15134517f36a479bda0e40217a5,de5a6f78116eca62d7fc5ce159d23ae6b889b365a1739ad2cf36f925a140d0cc,129.09958419654933,208.01044756771904,70.94187675414632,ebafc7f8530e495245bdfba503810ccef462ce7630766e7e1b9ec8dec07f160d,a0889934937cf66847cc1458caae5017b3f6e64bda046cdd2a8366897721cd15,a7c07c281fad3bc0dea584ddb53461ff7e09897f6ee7bf2e30110c9eff9a7d84,73247d2a426212859ed5573281c4fb0f1ac040983509226591035355f4d0fa68-315ba43a0ea20486d279d33df4f8368f02cd0137a12af4231f0226d9bbb63bac,9b209a8df4da4b8d1324a72922683c465c740844eef3302799083ed553935116-73247d2a426212859ed5573281c4fb0f1ac040983509226591035355f4d0fa68-315ba43a0ea20486d279d33df4f8368f02cd0137a12af4231f0226d9bbb63bac,d30dca0d6abd7d1892b4be73131ffa6ea690cc53e38fde467b003fbb1df77b22,73247d2a426212859ed5573281c4fb0f1ac040983509226591035355f4d0fa68
ad57366865126e55649ecb23ae1d48887544976efea46a48eb5d85a6eeb4d306,9b209a8df4da4b8d1324a72922683c465c740844eef3302799083ed553935116,dd6504630aa8b1bc7f8a5a652dde28b72a6d683c59d4fa8763d310486862388a,3271d9c51bc7b088bdcf2487a136534404d61f016be7929c91fa09f79a1f312d,72dfcfb0c470ac255cde83fb8fe38de8a128188e03ea5ba5b2a93adbea1062fa,dd6504630aa8b1bc7f8a5a652dde28b72a6d683c59d4fa8763d310486862388a,3271d9c51bc7b088bdcf2487a136534404d61f016be7929c91fa09f79a1f312d,ccab151f6a2398bdc93cdace4033a3432c4c70d91a74235c959a52274db5cf08,de5a6f78116eca62d7fc5ce159d23ae6b889b365a1739ad2cf36f925a140d0cc,95.61619784639547,362.27563412565354,370.9265619484581,ebafc7f8530e495245bdfba503810ccef462ce7630766e7e1b9ec8dec07f160d,9e49a4362c5eecf0745fae4db0af5c3a15ffdc57ba8fd006a95317b46d128541,60dc1e3084d82b9597446ce0ef957b38dd037a4a7918f4056ebf5de67ae934ac,73247d2a426212859ed5573281c4fb0f1ac040983509226591035355f4d0fa68-3271d9c51bc7b088bdcf2487a136534404d61f016be7929c91fa09f79a1f312d,9b209a8df4da4b8d1324a72922683c465c740844eef3302799083ed553935116-73247d2a426212859ed5573281c4fb0f1ac040983509226591035355f4d0fa68-3271d9c51bc7b088bdcf2487a136534404d61f016be7929c91fa09f79a1f312d,910f0a37d3ba8ceea565a93aa96b9630267c02e0f8475332715eb236dbd15dc7,73247d2a426212859ed5573281c4fb0f1ac040983509226591035355f4d0fa68
ad57366865126e55649ecb23ae1d48887544976efea46a48eb5d85a6eeb4d306,9b209a8df4da4b8d1324a72922683c465c740844eef3302799083ed553935116,dd6504630aa8b1bc7f8a5a652dde28b72a6d683c59d4fa8763d310486862388a,364ff2a7c3a19723d81f9c4730204a811a12360b7d8c89558edc3b6870a3353d,72dfcfb0c470ac255cde83fb8fe38de8a128188e03ea5ba5b2a93adbea1062fa,dd6504630aa8b1bc7f8a5a652dde28b72a6d683c59d4fa8763d310486862388a,364ff2a7c3a19723d81f9c4730204a811a12360b7d8c89558edc3b6870a3353d,d11311ad267e4d77d162d57e2fc1a242ca94e7f29cefa06c717038850357c382,8de0b3c47f112c59745f717a626932264c422a7563954872e237b223af4ad643,53.342703572716324,214.2824181916539,319.1847946994639,ebafc7f8530e495245bdfba503810ccef462ce7630766e7e1b9ec8dec07f160d,a0889934937cf66847cc1458caae5017b3f6e64bda046cdd2a8366897721cd15,a7c07c281fad3bc0dea584ddb53461ff7e09897f6ee7bf2e30110c9eff9a7d84,73247d2a426212859ed5573281c4fb0f1ac040983509226591035355f4d0fa68-364ff2a7c3a19723d81f9c4730204a811a12360b7d8c89558edc3b6870a3353d,9b209a8df4da4b8d1324a72922683c465c740844eef3302799083ed553935116-73247d2a426212859ed5573281c4fb0f1ac040983509226591035355f4d0fa68-364ff2a7c3a19723d81f9c4730204a811a12360b7d8c89558edc3b6870a3353d,343cbe2db105a06604c5791671c9bfd012a47be344b09a40d0285cefcb2e739c,73247d2a426212859ed5573281c4fb0f1ac040983509226591035355f4d0fa68
ad57366865126e55649ecb23ae1d48887544976efea46a48eb5d85a6eeb4d306,9b209a8df4da4b8d1324a72922683c465c740844eef3302799083ed553935116,dd6504630aa8b1bc7f8a5a652dde28b72a6d683c59d4fa8763d310486862388a,5ccde239f1033cf45cb85da810ef77f4b4aeb8e8e40160ea47c4851e06d04176,72dfcfb0c470ac255cde83fb8fe38de8a128188e03ea5ba5b2a93adbea1062fa,dd6504630aa8b1bc7f8a5a652dde28b72a6d683c59d4fa8763d310486862388a,5ccde239f1033cf45cb85da810ef77f4b4aeb8e8e40160ea47c4851e06d04176,c0b8f756d966e7ec02e158023f98397ccaf2ac4d79259d73f699874df47fb9c1,de5a6f78116eca62d7fc5ce159d23ae6b889b365a1739ad2cf36f925a140d0cc,452.3893492943534,202.5809081563521,29.673156549024526,ebafc7f8530e495245bdfba503810ccef462ce7630766e7e1b9ec8dec07f160d,2a64209cc8ceb35a929cf2534cf9641545720b61ea4a1d1ac0891986f69484b5,402419e92096bd4ab499de51bffcdcacb13eeb4b6452b327a334799ffd9f4df5,73247d2a426212859ed5573281c4fb0f1ac040983509226591035355f4d0fa68-5ccde239f1033cf45cb85da810ef77f4b4aeb8e8e40160ea47c4851e06d04176,9b209a8df4da4b8d1324a72922683c465c740844eef3302799083ed553935116-73247d2a426212859ed5573281c4fb0f1ac040983509226591035355f4d0fa68-5ccde239f1033cf45cb85da810ef77f4b4aeb8e8e40160ea47c4851e06d04176,1814f398433e0a64c244b58470b2aec69f2940fc269f601c740bcab09af7c06a,73247d2a426212859ed5573281c4fb0f1ac040983509226591035355f4d0fa68
ad57366865126e55649ecb23ae1d48887544976efea46a48eb5d85a6eeb4d306,9b209a8df4da4b8d1324a72922683c465c740844eef3302799083ed553935116,dd6504630aa8b1bc7f8a5a652dde28b72a6d683c59d4fa8763d310486862388a,6333521e4595bb1a2f6446c7ab48bd0a3c15d98008f4b1a81f6fa07d93ba1625,72dfcfb0c470ac255cde83fb8fe38de8a128188e03ea5ba5b2a93adbea1062fa,dd6504630aa8b1bc7f8a5a652dde28b72a6d683c59d4fa8763d310486862388a,6333521e4595bb1a2f6446c7ab48bd0a3c15d98008f4b1a81f6fa07d93ba1625,45193566049f81355fb775580073da08c39e6765f851f17b28267c699f8ebba3,de5a6f78116eca62d7fc5ce159d23ae6b889b365a1739ad2cf36f925a140d0cc,104.37906667393909,33.87115854728355,249.53747351960098,ebafc7f8530e495245bdfba503810ccef462ce7630766e7e1b9ec8dec07f160d,ced0af02c59002655d4a72bb38eab7ecddd061267d15eb4b10ea78ecb262c140,da725d6642f4cdc8b53f3d4204e5bcf32ddeab78476736ec6c450271be6f0291,73247d2a426212859ed5573281c4fb0f1ac040983509226591035355f4d0fa68-6333521e4595bb1a2f6446c7ab48bd0a3c15d98008f4b1a81f6fa07d93ba1625,9b209a8df4da4b8d1324a72922683c465c740844eef3302799083ed553935116-73247d2a426212859ed5573281c4fb0f1ac040983509226591035355f4d0fa68-6333521e4595bb1a2f6446c7ab48bd0a3c15d98008f4b1a81f6fa07d93ba1625,42eff2a03018f8aa31769cd7c9ebabaa89edfea939bcdc9853cae154c2ffcf0d,73247d2a426212859ed5573281c4fb0f1ac040983509226591035355f4d0fa68
ad57366865126e55649ecb23ae1d48887544976efea46a48eb5d85a6eeb4d306,9b209a8df4da4b8d1324a72922683c465c740844eef3302799083ed553935116,dd6504630aa8b1bc7f8a5a652dde28b72a6d683c59d4fa8763d310486862388a,6421012d9aa435ebb031d438ecfd07b5e55736ecee2301ec4bbf421441f1619b,72dfcfb0c470ac255cde83fb8fe38de8a128188e03ea5ba5b2a93adbea1062fa,dd6504630aa8b1bc7f8a5a652dde28b72a6d683c59d4fa8763d310486862388a,6421012d9aa435ebb031d438ecfd07b5e55736ecee2301ec4bbf421441f1619b,18ccf935c4ed0090e51000915e0ba4bbe1f809b88d9f068b1c0743397eb839cd,de5a6f78116eca62d7fc5ce159d23ae6b889b365a1739ad2cf36f925a140d0cc,113.71082876735328,406.31763286358404,339.5402389685506,ebafc7f8530e495245bdfba503810ccef462ce7630766e7e1b9ec8dec07f160d,b50fb5744f62e6a35ced897df75822e2e50fb3985922eb13af788993661e12e9,57d4846cecee3fddcb443137723fd1b46d56e64331634ef3c922b72e57f3388e,73247d2a426212859ed5573281c4fb0f1ac040983509226591035355f4d0fa68-6421012d9aa435ebb031d438ecfd07b5e55736ecee2301ec4bbf421441f1619b,9b209a8df4da4b8d1324a72922683c465c740844eef3302799083ed553935116-73247d2a426212859ed5573281c4fb0f1ac040983509226591035355f4d0fa68-6421012d9aa435ebb031d438ecfd07b5e55736ecee2301ec4bbf421441f1619b,267670156934ba092e3601c439ab07644a4af7646757bf7130ae8f7db01d68b2,73247d2a426212859ed5573281c4fb0f1ac040983509226591035355f4d0fa68
ad57366865126e55649ecb23ae1d48887544976efea46a48eb5d85a6eeb4d306,9b209a8df4da4b8d1324a72922683c465c740844eef3302799083ed553935116,dd6504630aa8b1bc7f8a5a652dde28b72a6d683c59d4fa8763d310486862388a,675ed052ee32ca0392b8a37b4aa5a22eaa5a10d76d92cae329674b5b2933f6b3,72dfcfb0c470ac255cde83fb8fe38de8a128188e03ea5ba5b2a93adbea1062fa,dd6504630aa8b1bc7f8a5a652dde28b72a6d683c59d4fa8763d310486862388a,675ed052ee32ca0392b8a37b4aa5a22eaa5a10d76d92cae329674b5b2933f6b3,89dd039e79862dbeb99fa660215974250d04928f899d97a538c79ae33b1cde9f,8de0b3c47f112c59745f717a626932264c422a7563954872e237b223af4ad643,244.82309468293792,248.74867892263805,217.13791181351593,ebafc7f8530e495245bdfba503810ccef462ce7630766e7e1b9ec8dec07f160d,0daabe1d6bc0b0c61761dc8afd0094ca0279793988b67d48465e818ff3dd4968,b1c8e861eaedb266534aeb5805fdc9c2d79832e1298838d23d5fe8e752fa9efd,73247d2a426212859ed5573281c4fb0f1ac040983509226591035355f4d0fa68-675ed052ee32ca0392b8a37b4aa5a22eaa5a10d76d92cae329674b5b2933f6b3,9b209a8df4da4b8d1324a72922683c465c740844eef3302799083ed553935116-73247d2a426212859ed5573281c4fb0f1ac040983509226591035355f4d0fa68-675ed052ee32ca0392b8a37b4aa5a22eaa5a10d76d92cae329674b5b2933f6b3,31142603103de3fd8e32ea1292fcd33848d2ae3da53fc9de75519259d54e83ef,73247d2a426212859ed5573281c4fb0f1ac040983509226591035355f4d0fa68
ad57366865126e55649ecb23ae1d48887544976efea46a48eb5d85a6eeb4d306,9b209a8df4da4b8d1324a72922683c465c740844eef3302799083ed553935116,dd6504630aa8b1bc7f8a5a652dde28b72a6d683c59d4fa8763d310486862388a,7f6aae7355faebbb97a0b82fbce9bbeaacdd95c0815f7f32dca2c0d1390be2f0,72dfcfb0c470ac255cde83fb8fe38de8a128188e03ea5ba5b2a93adbea1062fa,dd6504630aa8b1bc7f8a5a652dde28b72a6d683c59d4fa8763d310486862388a,7f6aae7355faebbb97a0b82fbce9bbeaacdd95c0815f7f32dca2c0d1390be2f0,db67743d0c10d619cb56efc0ee746ab506863bfc5bedaf53fc304c9f78084ad9,de5a6f78116eca62d7fc5ce159d23ae6b889b365a1739ad2cf36f925a140d0cc,83.60309825458562,201.09942933414607,93.42554736362595,ebafc7f8530e495245bdfba503810ccef462ce7630766e7e1b9ec8dec07f160d,e2d83f7c93e809d3e0670283f09463b35b1d9f73b863e8715fbf16c72995b028,0abb67b9c428e4149fd08e155224455ba24147561066930915e3b9e9708d0a95,73247d2a426212859ed5573281c4fb0f1ac040983509226591035355f4d0fa68-7f6aae7355faebbb97a0b82fbce9bbeaacdd95c0815f7f32dca2c0d1390be2f0,9b209a8df4da4b8d1324a72922683c465c740844eef3302799083ed553935116-73247d2a426212859ed5573281c4fb0f1ac040983509226591035355f4d0fa68-7f6aae7355faebbb97a0b82fbce9bbeaacdd95c0815f7f32dca2c0d1390be2f0,d9fdd56d3deb82f4c6f7c05bc35ea307d3ecb90058a0d4875391eb20f85713e7,73247d2a426212859ed5573281c4fb0f1ac040983509226591035355f4d0fa68
ad57366865126e55649ecb23ae1d48887544976efea46a48eb5d85a6eeb4d306,9b209a8df4da4b8d1324a72922683c465c740844eef3302799083ed553935116,dd6504630aa8b1bc7f8a5a652dde28b72a6d683c59d4fa8763d310486862388a,89cb7db642ae68577f88603888a222e7283508a50f7be1075830f37bac573b45,72dfcfb0c470ac255cde83fb8fe38de8a128188e03ea5ba5b2a93adbea1062fa,dd6504630aa8b1bc7f8a5a652dde28b72a6d683c59d4fa8763d310486862388a,89cb7db642ae68577f88603888a222e7283508a50f7be1075830f37bac573b45,1ac44914e2acf4a54075661aece3e037d628fa946dda8d30184017d6e778c1a5,de5a6f78116eca62d7fc5ce159d23ae6b889b365a1739ad2cf36f925a140d0cc,455.5658804356179,103.58618775276658,34.91871325077922,ebafc7f8530e495245bdfba503810ccef462ce7630766e7e1b9ec8dec07f160d,2ca30bcd9c76ad38ad12cea7e639dee2bea47179e07a446d8f2f281aefcab601,41bc91bead554f763dfa55afcee5d512a8fb61e62e7c06c6694bca1771fa0884,73247d2a426212859ed5573281c4fb0f1ac040983509226591035355f4d0fa68-89cb7db642ae68577f88603888a222e7283508a50f7be1075830f37bac573b45,9b209a8df4da4b8d1324a72922683c465c740844eef3302799083ed553935116-73247d2a426212859ed5573281c4fb0f1ac040983509226591035355f4d0fa68-89cb7db642ae68577f88603888a222e7283508a50f7be1075830f37bac573b45,0ed33a64134ebfc7af7cb0eb93f3835cb0d9fb8e89b67ccacc7d57e7287740e0,73247d2a426212859ed5573281c4fb0f1ac040983509226591035355f4d0fa68
ad57366865126e55649ecb23ae1d48887544976efea46a48eb5d85a6eeb4d306,9b209a8df4da4b8d1324a72922683c465c740844eef3302799083ed553935116,dd6504630aa8b1bc7f8a5a652dde28b72a6d683c59d4fa8763d310486862388a,8b1015ceb27451a929a8463580c8e0e3b51788907ea5c38bed077d60e53b687d,72dfcfb0c470ac255cde83fb8fe38de8a128188e03ea5ba5b2a93adbea1062fa,dd6504630aa8b1bc7f8a5a652dde28b72a6d683c59d4fa8763d310486862388a,8b1015ceb27451a929a8463580c8e0e3b51788907ea5c38bed077d60e53b687d,4017679aea80c7eb060a6c2fc2f91f07ee8b5672b68925d4ef3e7e120579f9aa,de5a6f78116eca62d7fc5ce159d23ae6b889b365a1739ad2cf36f925a140d0cc,233.37519954424255,309.58944916570925,474.8048818357284,ebafc7f8530e495245bdfba503810ccef462ce7630766e7e1b9ec8dec07f160d,a0889934937cf66847cc1458caae5017b3f6e64bda046cdd2a8366897721cd15,a7c07c281fad3bc0dea584ddb53461ff7e09897f6ee7bf2e30110c9eff9a7d84,73247d2a426212859ed5573281c4fb0f1ac040983509226591035355f4d0fa68-8b1015ceb27451a929a8463580c8e0e3b51788907ea5c38bed077d60e53b687d,9b209a8df4da4b8d1324a72922683c465c740844eef3302799083ed553935116-73247d2a426212859ed5573281c4fb0f1ac040983509226591035355f4d0fa68-8b1015ceb27451a929a8463580c8e0e3b51788907ea5c38bed077d60e53b687d,774e1988dc1038d088d88be54bea709755d29a183b7cc3c087cf1096cb0953d4,73247d2a426212859ed5573281c4fb0f1ac040983509226591035355f4d0fa68
ad57366865126e55649ecb23ae1d48887544976efea46a48eb5d85a6eeb4d306,9b209a8df4da4b8d1324a72922683c465c740844eef3302799083ed553935116,dd6504630aa8b1bc7f8a5a652dde28b72a6d683c59d4fa8763d310486862388a,8bedf33ebb8eab4f18d4953de3b40fb8fddd852e7ec840ac90e64b057dcd7713,72dfcfb0c470ac255cde83fb8fe38de8a128188e03ea5ba5b2a93adbea1062fa,dd6504630aa8b1bc7f8a5a652dde28b72a6d683c59d4fa8763d310486862388a,8bedf33ebb8eab4f18d4953de3b40fb8fddd852e7ec840ac90e64b057dcd7713,9b85b22da1b8ff62d0995ae335d5f6367161760cdad162dc20c6b0f683f92ae5,8de0b3c47f112c59745f717a626932264c422a7563954872e237b223af4ad643,378.55951549774164,383.54589091148085,367.9659750470148,ebafc7f8530e495245bdfba503810ccef462ce7630766e7e1b9ec8dec07f160d,a0889934937cf66847cc1458caae5017b3f6e64bda046cdd2a8366897721cd15,a7c07c281fad3bc0dea584ddb53461ff7e09897f6ee7bf2e30110c9eff9a7d84,73247d2a426212859ed5573281c4fb0f1ac040983509226591035355f4d0fa68-8bedf33ebb8eab4f18d4953de3b40fb8fddd852e7ec840ac90e64b057dcd7713,9b209a8df4da4b8d1324a72922683c465c740844eef3302799083ed553935116-73247d2a426212859ed5573281c4fb0f1ac040983509226591035355f4d0fa68-8bedf33ebb8eab4f18d4953de3b40fb8fddd852e7ec840ac90e64b057dcd7713,ef861426a03b6ed152a1b947e84f695520caa3b1b9dca88294e73916271585fe,73247d2a426212859ed5573281c4fb0f1ac040983509226591035355f4d0fa68
ad57366865126e55649ecb23ae1d48887544976efea46a48eb5d85a6eeb4d306,9b209a8df4da4b8d1324a72922683c465c740844eef3302799083ed553935116,dd6504630aa8b1bc7f8a5a652dde28b72a6d683c59d4fa8763d310486862388a,9eed9066a7906bfe111eceec3689ce91f21100f99b4a8495bb222d50cf4f68b2,72dfcfb0c470ac255cde83fb8fe38de8a128188e03ea5ba5b2a93adbea1062fa,dd6504630aa8b1bc7f8a5a652dde28b72a6d683c59d4fa8763d310486862388a,9eed9066a7906bfe111eceec3689ce91f21100f99b4a8495bb222d50cf4f68b2,042a38fafd70e8c2ecb5a41e6ab6fdbcf08361c0913f358be78a488241fd68a8,de5a6f78116eca62d7fc5ce159d23ae6b889b365a1739ad2cf36f925a140d0cc,267.0414224575963,224.80653216427365,317.36618328914636,ebafc7f8530e495245bdfba503810ccef462ce7630766e7e1b9ec8dec07f160d,e639b46fe80bfdcdde30beeed7eeec9be7098b283f6fdf3d5590e84fc22d0dca,02cb6fa562753c7e2863d7f7251cff6d60435180f1b80156a5a220d591047b3b,73247d2a426212859ed5573281c4fb0f1ac040983509226591035355f4d0fa68-9eed9066a7906bfe111eceec3689ce91f21100f99b4a8495bb222d50cf4f68b2,9b209a8df4da4b8d1324a72922683c465c740844eef3302799083ed553935116-73247d2a426212859ed5573281c4fb0f1ac040983509226591035355f4d0fa68-9eed9066a7906bfe111eceec3689ce91f21100f99b4a8495bb222d50cf4f68b2,a71f2704469807fdd8638e8c3ae9857549aac76b44a6c7d2e740af32b584519f,73247d2a426212859ed5573281c4fb0f1ac040983509226591035355f4d0fa68
ad57366865126e55649ecb23ae1d48887544976efea46a48eb5d85a6eeb4d306,9b209a8df4da4b8d1324a72922683c465c740844eef3302799083ed553935116,dd6504630aa8b1bc7f8a5a652dde28b72a6d683c59d4fa8763d310486862388a,a22ddcb044f9852deccf0b6621853fa88cc9c75832b1edd79c08419db45d410a,72dfcfb0c470ac255cde83fb8fe38de8a128188e03ea5ba5b2a93adbea1062fa,dd6504630aa8b1bc7f8a5a652dde28b72a6d683c59d4fa8763d310486862388a,a22ddcb044f9852deccf0b6621853fa88cc9c75832b1edd79c08419db45d410a,322940643b711b5b950e4ab171b04dbf093de50890405f679aeb0020db734e0f,de5a6f78116eca62d7fc5ce159d23ae6b889b365a1739ad2cf36f925a140d0cc,116.56627989787316,63.35335723729536,480.5997103908226,ebafc7f8530e495245bdfba503810ccef462ce7630766e7e1b9ec8dec07f160d,a0889934937cf66847cc1458caae5017b3f6e64bda046cdd2a8366897721cd15,a7c07c281fad3bc0dea584ddb53461ff7e09897f6ee7bf2e30110c9eff9a7d84,73247d2a426212859ed5573281c4fb0f1ac040983509226591035355f4d0fa68-a22ddcb044f9852deccf0b6621853fa88cc9c75832b1edd79c08419db45d410a,9b209a8df4da4b8d1324a72922683c465c740844eef3302799083ed553935116-73247d2a426212859ed5573281c4fb0f1ac040983509226591035355f4d0fa68-a22ddcb044f9852deccf0b6621853fa88cc9c75832b1edd79c08419db45d410a,f93410368348d2b1085716b90b193c2e868bbc476fdbe8d64524c968d1ce7d66,73247d2a426212859ed5573281c4fb0f1ac040983509226591035355f4d0fa68
ad57366865126e55649ecb23ae1d48887544976efea46a48eb5d85a6eeb4d306,9b209a8df4da4b8d1324a72922683c465c740844eef3302799083ed553935116,dd6504630aa8b1bc7f8a5a652dde28b72a6d683c59d4fa8763d310486862388a,b23c0b06c125b17904c69fccff17e4c88dc06e9deb39fc02b71beb2bc8e5c9ab,72dfcfb0c470ac255cde83fb8fe38de8a128188e03ea5ba5b2a93adbea1062fa,dd6504630aa8b1bc7f8a5a652dde28b72a6d683c59d4fa8763d310486862388a,b23c0b06c125b17904c69fccff17e4c88dc06e9deb39fc02b71beb2bc8e5c9ab,ffd65e5d2e29610b5aefaa8f066798cb82d2e3f75d8e5c31f8728c5f081aad23,de5a6f78116eca62d7fc5ce159d23ae6b889b365a1739ad2cf36f925a140d0cc,426.87910561994187,268.601595322797,143.93684786776285,ebafc7f8530e495245bdfba503810ccef462ce7630766e7e1b9ec8dec07f160d,168bbe1b798e781c7f3c99c68d6c778bce125f33d76db94aedcd5a7ab2ba2ba7,91d1610afff50742a26438a8a00573e713a2095d90af383377adf08cf93502e8,73247d2a426212859ed5573281c4fb0f1ac040983509226591035355f4d0fa68-b23c0b06c125b17904c69fccff17e4c88dc06e9deb39fc02b71beb2bc8e5c9ab,9b209a8df4da4b8d1324a72922683c465c740844eef3302799083ed553935116-73247d2a426212859ed5573281c4fb0f1ac040983509226591035355f4d0fa68-b23c0b06c125b17904c69fccff17e4c88dc06e9deb39fc02b71beb2bc8e5c9ab,45505f59b41b64993e264df97aaa30c54a9eec52e8951edf4ff52b4f6c2d77c9,73247d2a426212859ed5573281c4fb0f1ac040983509226591035355f4d0fa68
ad57366865126e55649ecb23ae1d48887544976efea46a48eb5d85a6eeb4d306,9b209a8df4da4b8d1324a72922683c465c740844eef3302799083ed553935116,dd6504630aa8b1bc7f8a5a652dde28b72a6d683c59d4fa8763d310486862388a,b279a26b265db41d4ce9592252d43f50c8d5ea883f105cc6404ee46a70b7aa46,72dfcfb0c470ac255cde83fb8fe38de8a128188e03ea5ba5b2a93adbea1062fa,dd6504630aa8b1bc7f8a5a652dde28b72a6d683c59d4fa8763d310486862388a,b279a26b265db41d4ce9592252d43f50c8d5ea883f105cc6404ee46a70b7aa46,195445d76aa1278c3ebe11fa8dea57c5ea9572250318df99e50f839e46a3a9da,8de0b3c47f112c59745f717a626932264c422a7563954872e237b223af4ad643,366.35445339466037,18.23569477318015,412.6895616966372,ebafc7f8530e495245bdfba503810ccef462ce7630766e7e1b9ec8dec07f160d,e1d7f43356d74d3d386ed62f017f430265f242c79247ce069014db3ea33e5d23,,73247d2a426212859ed5573281c4fb0f1ac040983509226591035355f4d0fa68-b279a26b265db41d4ce9592252d43f50c8d5ea883f105cc6404ee46a70b7aa46,9b209a8df4da4b8d1324a72922683c465c740844eef3302799083ed553935116-73247d2a426212859ed5573281c4fb0f1ac040983509226591035355f4d0fa68-b279a26b265db41d4ce9592252d43f50c8d5ea883f105cc6404ee46a70b7aa46,f737ac4f1d1c4d950ae395ecae5852a280de09880bd671c6e911b2982ba8c810,73247d2a426212859ed5573281c4fb0f1ac040983509226591035355f4d0fa68
ad57366865126e55649ecb23ae1d48887544976efea46a48eb5d85a6eeb4d306,9b209a8df4da4b8d1324a72922683c465c740844eef3302799083ed553935116,dd6504630aa8b1bc7f8a5a652dde28b72a6d683c59d4fa8763d310486862388a,b8f7ec3087ebe63052a25d3569c58c26715b483b6cc72cd5920ed56a0a5ed4b3,72dfcfb0c470ac255cde83fb8fe38de8a128188e03ea5ba5b2a93adbea1062fa,dd6504630aa8b1bc7f8a5a652dde28b72a6d683c59d4fa8763d310486862388a,b8f7ec3087ebe63052a25d3569c58c26715b483b6cc72cd5920ed56a0a5ed4b3,0c856a105254290e57b60b871c26cb3388eb8b420c4ea4744a17ff4e70f8e7ae,de5a6f78116eca62d7fc5ce159d23ae6b889b365a1739ad2cf36f925a140d0cc,476.42372577303735,233.67437525391225,483.256826320496,ebafc7f8530e495245bdfba503810ccef462ce7630766e7e1b9ec8dec07f160d,e1d7f43356d74d3d386ed62f017f430265f242c79247ce069014db3ea33e5d23,,73247d2a426212859ed5573281c4fb0f1ac040983509226591035355f4d0fa68-b8f7ec3087ebe63052a25d3569c58c26715b483b6cc72cd5920ed56a0a5ed4b3,9b209a8df4da4b8d1324a72922683c465c740844eef3302799083ed553935116-73247d2a426212859ed5573281c4fb0f1ac040983509226591035355f4d0fa68-b8f7ec3087ebe63052a25d3569c58c26715b483b6cc72cd5920ed56a0a5ed4b3,5e14db90a303e1aec72734fa758716fb62a38504d200fe054591f9f68c8785b5,73247d2a426212859ed5573281c4fb0f1ac040983509226591035355f4d0fa68
ad57366865126e55649ecb23ae1d48887544976efea46a48eb5d85a6eeb4d306,9b209a8df4da4b8d1324a72922683c465c740844eef3302799083ed553935116,dd6504630aa8b1bc7f8a5a652dde28b72a6d683c59d4fa8763d310486862388a,c279dce4b81382f7d11c4e6e44e83351b9fc103af567cbfae4c0607175029d44,72dfcfb0c470ac255cde83fb8fe38de8a128188e03ea5ba5b2a93adbea1062fa,dd6504630aa8b1bc7f8a5a652dde28b72a6d683c59d4fa8763d310486862388a,c279dce4b81382f7d11c4e6e44e83351b9fc103af567cbfae4c0607175029d44,356d23af71aefaa8aaf2493cf3544c949493de4200d6dd4b81ba6bdc1b319c28,de5a6f78116eca62d7fc5ce159d23ae6b889b365a1739ad2cf36f925a140d0cc,285.62746132124647,218.77167943606375,468.4438002636581,ebafc7f8530e495245bdfba503810ccef462ce7630766e7e1b9ec8dec07f160d,3304a70c4976a60204abc078522a8a323118e1606ee9ac323220d26ae3a74cde,c529aa55a13908b476bf52b299e65a8ca0f4190406b0bf88c7fefed105317a02,73247d2a426212859ed5573281c4fb0f1ac040983509226591035355f4d0fa68-c279dce4b81382f7d11c4e6e44e83351b9fc103af567cbfae4c0607175029d44,9b209a8df4da4b8d1324a72922683c465c740844eef3302799083ed553935116-73247d2a426212859ed5573281c4fb0f1ac040983509226591035355f4d0fa68-c279dce4b81382f7d11c4e6e44e83351b9fc103af567cbfae4c0607175029d44,6973e163d4bf9416bfe5f02c59ed58695f20f19ecb18155baf93a47c0f164ad1,73247d2a426212859ed5573281c4fb0f1ac040983509226591035355f4d0fa68
ad57366865126e55649ecb23ae1d48887544976efea46a48eb5d85a6eeb4d306,9b209a8df4da4b8d1324a72922683c465c740844eef3302799083ed553935116,dd6504630aa8b1bc7f8a5a652dde28b72a6d683c59d4fa8763d310486862388a,d0e1cc9275fef10b2d761c4984a3981260d530432d035b8755246840cc995747,72dfcfb0c470ac255cde83fb8fe38de8a128188e03ea5ba5b2a93adbea1062fa,dd6504630aa8b1bc7f8a5a652dde28b72a6d683c59d4fa8763d310486862388a,d0e1cc9275fef10b2d761c4984a3981260d530432d035b8755246840cc995747,1ac44914e2acf4a54075661aece3e037d628fa946dda8d30184017d6e778c1a5,de5a6f78116eca62d7fc5ce159d23ae6b889b365a1739ad2cf36f925a140d0cc,275.492109066252,479.3293689325981,186.41380924987195,ebafc7f8530e495245bdfba503810ccef462ce7630766e7e1b9ec8dec07f160d,2ca30bcd9c76ad38ad12cea7e639dee2bea47179e07a446d8f2f281aefcab601,41bc91bead554f763dfa55afcee5d512a8fb61e62e7c06c6694bca1771fa0884,73247d2a426212859ed5573281c4fb0f1ac040983509226591035355f4d0fa68-d0e1cc9275fef10b2d761c4984a3981260d530432d035b8755246840cc995747,9b209a8df4da4b8d1324a72922683c465c740844eef3302799083ed553935116-73247d2a426212859ed5573281c4fb0f1ac040983509226591035355f4d0fa68-d0e1cc9275fef10b2d761c4984a3981260d530432d035b8755246840cc995747,6e233b2a016fea92e2e0e119b35016ca5d2bf41bb674e0403af14d607a62a79b,73247d2a426212859ed5573281c4fb0f1ac040983509226591035355f4d0fa68
ad57366865126e55649ecb23ae1d48887544976efea46a48eb5d85a6eeb4d306,9b209a8df4da4b8d1324a72922683c465c740844eef3302799083ed553935116,dd6504630aa8b1bc7f8a5a652dde28b72a6d683c59d4fa8763d310486862388a,d1a502f290368a4fddf2ba3fc2c6595712e7438dafca7bae290b76d197efc6df,72dfcfb0c470ac255cde83fb8fe38de8a128188e03ea5ba5b2a93adbea1062fa,dd6504630aa8b1bc7f8a5a652dde28b72a6d683c59d4fa8763d310486862388a,d1a502f290368a4fddf2ba3fc2c6595712e7438dafca7bae290b76d197efc6df,fe69adab06751e0530b34dd8fb776c92506372019f598d26a44a7a8b22f43052,de5a6f78116eca62d7fc5ce159d23ae6b889b365a1739ad2cf36f925a140d0cc,12.745005170687714,148.1927257773258,444.81233478530316,ebafc7f8530e495245bdfba503810ccef462ce7630766e7e1b9ec8dec07f160d,e1d7f43356d74d3d386ed62f017f430265f242c79247ce069014db3ea33e5d23,,73247d2a426212859ed5573281c4fb0f1ac040983509226591035355f4d0fa68-d1a502f290368a4fddf2ba3fc2c6595712e7438dafca7bae290b76d197efc6df,9b209a8df4da4b8d1324a72922683c465c740844eef3302799083ed553935116-73247d2a426212859ed5573281c4fb0f1ac040983509226591035355f4d0fa68-d1a502f290368a4fddf2ba3fc2c6595712e7438dafca7bae290b76d197efc6df,4bb5d71631e82ff85fa3e2f4e943cd6dbc350fb979a071ab495c1ba43d1fd0c1,73247d2a426212859ed5573281c4fb0f1ac040983509226591035355f4d0fa68
ad57366865126e55649ecb23ae1d48887544976efea46a48eb5d85a6eeb4d306,9b209a8df4da4b8d1324a72922683c465c740844eef3302799083ed553935116,dd6504630aa8b1bc7f8a5a652dde28b72a6d683c59d4fa8763d310486862388a,d224abab6ebe3409d53027aa0f341be71af02954204474f314839105deeed771,72dfcfb0c470ac255cde83fb8fe38de8a128188e03ea5ba5b2a93adbea1062fa,dd6504630aa8b1bc7f8a5a652dde28b72a6d683c59d4fa8763d310486862388a,d224abab6ebe3409d53027aa0f341be71af02954204474f314839105deeed771,f5e87ea49de6e1ef51452ece1f66e27c1d7f06c10d733cdfd023dbadaa5e3907,de5a6f78116eca62d7fc5ce159d23ae6b889b365a1739ad2cf36f925a140d0cc,17.40883869355781,211.26816383259734,453.75278587035024,ebafc7f8530e495245bdfba503810ccef462ce7630766e7e1b9ec8dec07f160d,12b9c092b6e4ece146b5f808e6584747d29833b919fdc3a5236ff677dfec5598,78bc8448cb3e1be847ed5c6e651fe78575d28cda36c4e53664a9917d332157b9,73247d2a426212859ed5573281c4fb0f1ac040983509226591035355f4d0fa68-d224abab6ebe3409d53027aa0f341be71af02954204474f314839105deeed771,9b209a8df4da4b8d1324a72922683c465c740844eef3302799083ed553935116-73247d2a426212859ed5573281c4fb0f1ac040983509226591035355f4d0fa68-d224abab6ebe3409d53027aa0f341be71af02954204474f314839105deeed771,c8de07dcaf3e5f6d94d639c565502ea95eb02399d166b9f319d9d12b29c89144,73247d2a426212859ed5573281c4fb0f1ac040983509226591035355f4d0fa68
ad57366865126e55649ecb23ae1d48887544976efea46a48eb5d85a6eeb4d306,9b209a8df4da4b8d1324a72922683c465c740844eef3302799083ed553935116,dd6504630aa8b1bc7f8a5a652dde28b72a6d683c59d4fa8763d310486862388a,dda564742daf48d61651daeb6c6b8fde8ad9dd31db4e58747f2efd82c386f603,72dfcfb0c470ac255cde83fb8fe38de8a128188e03ea5ba5b2a93adbea1062fa,dd6504630aa8b1bc7f8a5a652dde28b72a6d683c59d4fa8763d310486862388a,dda564742daf48d61651daeb6c6b8fde8ad9dd31db4e58747f2efd82c386f603,273e36bec686ab8e2a0b6ff528a8cc3dca71fdc003d9dd420d6f0a8d8a3eeffd,de5a6f78116eca62d7fc5ce159d23ae6b889b365a1739ad2cf36f925a140d0cc,241.9290455483822,448.9004857838282,110.07851320855322,ebafc7f8530e495245bdfba503810ccef462ce7630766e7e1b9ec8dec07f160d,ef51a19212e96cf23b92e511b65662c5a8d0a4945d91d607ad946a140c16f589,57d4846cecee3fddcb443137723fd1b46d56e64331634ef3c922b72e57f3388e,73247d2a426212859ed5573281c4fb0f1ac040983509226591035355f4d0fa68-dda564742daf48d61651daeb6c6b8fde8ad9dd31db4e58747f2efd82c386f603,9b209a8df4da4b8d1324a72922683c465c740844eef3302799083ed553935116-73247d2a426212859ed5573281c4fb0f1ac040983509226591035355f4d0fa68-dda564742daf48d61651daeb6c6b8fde8ad9dd31db4e58747f2efd82c386f603,517cd7236e5284afb4fd67f77c823f5047ff3df70f09e72c64ea2f6325500e88,73247d2a426212859ed5573281c4fb0f1ac040983509226591035355f4d0fa68
ad57366865126e55649ecb23ae1d48887544976efea46a48eb5d85a6eeb4d306,9b209a8df4da4b8d1324a72922683c465c740844eef3302799083ed553935116,dd6504630aa8b1bc7f8a5a652dde28b72a6d683c59d4fa8763d310486862388a,e4441e009231d4d476cd8a15cac930212bde74128d02fc1990543461cf6abe8c,72dfcfb0c470ac255cde83fb8fe38de8a128188e03ea5ba5b2a93adbea1062fa,dd6504630aa8b1bc7f8a5a652dde28b72a6d683c59d4fa8763d310486862388a,e4441e009231d4d476cd8a15cac930212bde74128d02fc1990543461cf6abe8c,e2dfe75a92c6d22de0d6abbe30b5e2a4176e5cb9395ccb984ece95fb6c238a16,de5a6f78116eca62d7fc5ce159d23ae6b889b365a1739ad2cf36f925a140d0cc,444.4015639724312,34.01768930583117,233.60406737144297,ebafc7f8530e495245bdfba503810ccef462ce7630766e7e1b9ec8dec07f160d,e498a91353c60adc42886521a508c2bd67e8b697a1c5a9076fee4a317410cabc,4d8e4d22a600e2c7ed479322b9abbca3048a3549fa85cca2be447378f1d12303,73247d2a426212859ed5573281c4fb0f1ac040983509226591035355f4d0fa68-e4441e009231d4d476cd8a15cac930212bde74128d02fc1990543461cf6abe8c,9b209a8df4da4b8d1324a72922683c465c740844eef3302799083ed553935116-73247d2a426212859ed5573281c4fb0f1ac040983509226591035355f4d0fa68-e4441e009231d4d476cd8a15cac930212bde74128d02fc1990543461cf6abe8c,cf1547e30d4d9d809e78a875ff243c5725d1e53a5b3d83479a00c0a8fca3b731,73247d2a426212859ed5573281c4fb0f1ac040983509226591035355f4d0fa68
ad57366865126e55649ecb23ae1d48887544976efea46a48eb5d85a6eeb4d306,9b209a8df4da4b8d1324a72922683c465c740844eef3302799083ed553935116,dd6504630aa8b1bc7f8a5a652dde28b72a6d683c59d4fa8763d310486862388a,f271b4ed67f95cb0e64fa85ac73482d11fe841e3454d1382ce0af1bff39d9848,72dfcfb0c470ac255cde83fb8fe38de8a128188e03ea5ba5b2a93adbea1062fa,dd6504630aa8b1bc7f8a5a652dde28b72a6d683c59d4fa8763d310486862388a,f271b4ed67f95cb0e64fa85ac73482d11fe841e3454d1382ce0af1bff39d9848,ff547edf0fcfd7e916b8ae20f0e3c03676795e161a00c3538c6890cf2c198d2a,de5a6f78116eca62d7fc5ce159d23ae6b889b365a1739ad2cf36f925a140d0cc,33.24600974728449,213.21060244844216,339.0356804459932,ebafc7f8530e495245bdfba503810ccef462ce7630766e7e1b9ec8dec07f160d,a0889934937cf66847cc1458caae5017b3f6e64bda046cdd2a8366897721cd15,a7c07c281fad3bc0dea584ddb53461ff7e09897f6ee7bf2e30110c9eff9a7d84,73247d2a426212859ed5573281c4fb0f1ac040983509226591035355f4d0fa68-f271b4ed67f95cb0e64fa85ac73482d11fe841e3454d1382ce0af1bff39d9848,9b209a8df4da4b8d1324a72922683c465c740844eef3302799083ed553935116-73247d2a426212859ed5573281c4fb0f1ac040983509226591035355f4d0fa68-f271b4ed67f95cb0e64fa85ac73482d11fe841e3454d1382ce0af1bff39d9848,1f2b901de121a1a03bebd391c8d4f469992f100112e9237ed746092169a77214,73247d2a426212859ed5573281c4fb0f1ac040983509226591035355f4d0fa68
ad57366865126e55649ecb23ae1d48887544976efea46a48eb5d85a6eeb4d306,9b209a8df4da4b8d1324a72922683c465c740844eef3302799083ed553935116,dd6504630aa8b1bc7f8a5a652dde28b72a6d683c59d4fa8763d310486862388a,f2edecf9cc02410bcc6313714fce1b39e379c3e77bb3b3434bc088d1f7ff514d,72dfcfb0c470ac255cde83fb8fe38de8a128188e03ea5ba5b2a93adbea1062fa,dd6504630aa8b1bc7f8a5a652dde28b72a6d683c59d4fa8763d310486862388a,f2edecf9cc02410bcc6313714fce1b39e379c3e77bb3b3434bc088d1f7ff514d,22247d431ee5506d087c8e504ee3d68b1b36557e1ebb57b205d4191ff1eecab5,de5a6f78116eca62d7fc5ce159d23ae6b889b365a1739ad2cf36f925a140d0cc,426.7039664289154,493.9925274822871,91.65528440698745,ebafc7f8530e495245bdfba503810ccef462ce7630766e7e1b9ec8dec07f160d,17345bdb34265dec8f583dda42f6b4b0e3f7ea129084800a3b3e181617fa6bd4,3ad8f16115107caaa2cb6ea5c8edbf978e013c8588d887bf4a59dbf89dc6f5b9,73247d2a426212859ed5573281c4fb0f1ac040983509226591035355f4d0fa68-f2edecf9cc02410bcc6313714fce1b39e379c3e77bb3b3434bc088d1f7ff514d,9b209a8df4da4b8d1324a72922683c465c740844eef3302799083ed553935116-73247d2a426212859ed5573281c4fb0f1ac040983509226591035355f4d0fa68-f2edecf9cc02410bcc6313714fce1b39e379c3e77bb3b3434bc088d1f7ff514d,630bccfff4c4cfb51002ff4931f789cdf8f99f77c6eec5d02646e80ceaedd598,73247d2a426212859ed5573281c4fb0f1ac040983509226591035355f4d0fa68
ad57366865126e55649ecb23ae1d48887544976efea46a48eb5d85a6eeb4d306,9b209a8df4da4b8d1324a72922683c465c740844eef3302799083ed553935116,dd6504630aa8b1bc7f8a5a652dde28b72a6d683c59d4fa8763d310486862388a,f4da168bb496eda78276977a14a2eb051f8828fd7f6b9733b03c99a3e57393b6,72dfcfb0c470ac255cde83fb8fe38de8a128188e03ea5ba5b2a93adbea1062fa,dd6504630aa8b1bc7f8a5a652dde28b72a6d683c59d4fa8763d310486862388a,f4da168bb496eda78276977a14a2eb051f8828fd7f6b9733b03c99a3e57393b6,12267f1cdf6e07984f69fc54a84d2ee9db432d06b1e3a470d9e4f177be5b5507,de5a6f78116eca62d7fc5ce159d23ae6b889b365a1739ad2cf36f925a140d0cc,197.48477167610469,246.60578885426636,240.26077896256925,ebafc7f8530e495245bdfba503810ccef462ce7630766e7e1b9ec8dec07f160d,0c6443a7934a8651e7d39cda209d8f81ff828809c5046a12aea43c4f141048c5,b1c8e861eaedb266534aeb5805fdc9c2d79832e1298838d23d5fe8e752fa9efd,73247d2a426212859ed5573281c4fb0f1ac040983509226591035355f4d0fa68-f4da168bb496eda78276977a14a2eb051f8828fd7f6b9733b03c99a3e57393b6,9b209a8df4da4b8d1324a72922683c465c740844eef3302799083ed553935116-73247d2a426212859ed5573281c4fb0f1ac040983509226591035355f4d0fa68-f4da168bb496eda78276977a14a2eb051f8828fd7f6b9733b03c99a3e57393b6,5dafc5b72c2dd9817d2c460b96b1d5fb6eb484624ffc204fdd2fca059bd40cf2,73247d2a426212859ed5573281c4fb0f1ac040983509226591035355f4d0fa68
ad57366865126e55649ecb23ae1d48887544976efea46a48eb5d85a6eeb4d306,9b209a8df4da4b8d1324a72922683c465c740844eef3302799083ed553935116,dd6504630aa8b1bc7f8a5a652dde28b72a6d683c59d4fa8763d310486862388a,f61ae55af51a808d77c53013415da7bb984e43d3d1f617a4782005c9e7326f3b,72dfcfb0c470ac255cde83fb8fe38de8a128188e03ea5ba5b2a93adbea1062fa,dd6504630aa8b1bc7f8a5a652dde28b72a6d683c59d4fa8763d310486862388a,f61ae55af51a808d77c53013415da7bb984e43d3d1f617a4782005c9e7326f3b,2b4bffc304d6798f9a99bb2a73212ebf91778b0006bf055089ebaebb185ba6c6,de5a6f78116eca62d7fc5ce159d23ae6b889b365a1739ad2cf36f925a140d0cc,463.64921716821533,369.6177961321549,358.36970024089044,ebafc7f8530e495245bdfba503810ccef462ce7630766e7e1b9ec8dec07f160d,e1d7f43356d74d3d386ed62f017f430265f242c79247ce069014db3ea33e5d23,,73247d2a426212859ed5573281c4fb0f1ac040983509226591035355f4d0fa68-f61ae55af51a808d77c53013415da7bb984e43d3d1f617a4782005c9e7326f3b,9b209a8df4da4b8d1324a72922683c465c740844eef3302799083ed553935116-73247d2a426212859ed5573281c4fb0f1ac040983509226591035355f4d0fa68-f61ae55af51a808d77c53013415da7bb984e43d3d1f617a4782005c9e7326f3b,e824ab7f0e8800cb221f26599add5afa38a3888293e810a6a9a77e5392e65b08,73247d2a426212859ed5573281c4fb0f1ac040983509226591035355f4d0fa68
ad57366865126e55649ecb23ae1d48887544976efea46a48eb5d85a6eeb4d306,9b209a8df4da4b8d1324a72922683c465c740844eef3302799083ed553935116,dd6504630aa8b1bc7f8a5a652dde28b72a6d683c59d4fa8763d310486862388a,f9b5f7ae8357fd88b70eaec8f57e2e610e5488f661adda4a3e0bab35a600f7bd,72dfcfb0c470ac255cde83fb8fe38de8a128188e03ea5ba5b2a93adbea1062fa,dd6504630aa8b1bc7f8a5a652dde28b72a6d683c59d4fa8763d310486862388a,f9b5f7ae8357fd88b70eaec8f57e2e610e5488f661adda4a3e0bab35a600f7bd,7f72329d4429cf8797b0eca97eb9b149fd2c9dbbcc00943ea923a7121760999b,de5a6f78116eca62d7fc5ce159d23ae6b889b365a1739ad2cf36f925a140d0cc,339.1578539403647,323.40293570812025,35.59271797696278,ebafc7f8530e495245bdfba503810ccef462ce7630766e7e1b9ec8dec07f160d,a0889934937cf66847cc1458caae5017b3f6e64bda046cdd2a8366897721cd15,a7c07c281fad3bc0dea584ddb53461ff7e09897f6ee7bf2e30110c9eff9a7d84,73247d2a426212859ed5573281c4fb0f1ac040983509226591035355f4d0fa68-f9b5f7ae8357fd88b70eaec8f57e2e610e5488f661adda4a3e0bab35a600f7bd,9b209a8df4da4b8d1324a72922683c465c740844eef3302799083ed553935116-73247d2a426212859ed5573281c4fb0f1ac040983509226591035355f4d0fa68-f9b5f7ae8357fd88b70eaec8f57e2e610e5488f661adda4a3e0bab35a600f7bd,51abdc1a717adde3443366980de2687e995784058f47383a5216b7d15d45ed21,73247d2a426212859ed5573281c4fb0f1ac040983509226591035355f4d0fa68
ad57366865126e55649ecb23ae1d48887544976efea46a48eb5d85a6eeb4d306,9b209a8df4da4b8d1324a72922683c465c740844eef3302799083ed553935116,dd6504630aa8b1bc7f8a5a652dde28b72a6d683c59d4fa8763d310486862388a,fef5dd7fb2eda5bba235c7335080f00c5d3670ef23e61b60a6201085147aae23,72dfcfb0c470ac255cde83fb8fe38de8a128188e03ea5ba5b2a93adbea1062fa,dd6504630aa8b1bc7f8a5a652dde28b72a6d683c59d4fa8763d310486862388a,fef5dd7fb2eda5bba235c7335080f00c5d3670ef23e61b60a6201085147aae23,6116eff4f53664f088499fcbb41a9e56f358be62ecccf5a8f3a9b75fd6f7cd4f,de5a6f78116eca62d7fc5ce159d23ae6b889b365a1739ad2cf36f925a140d0cc,100.76365160699596,118.11492125923657,429.9178031245187,ebafc7f8530e495245bdfba503810ccef462ce7630766e7e1b9ec8dec07f160d,0bd6c69ba2f936da8903d567034c6f1e19a446ecc2b732534abfa3f1ae1f28fe,f254a27df39a3a926b028af64af8e55ed6e7809fb6b61505ad20dfab10c565c3,73247d2a426212859ed5573281c4fb0f1ac040983509226591035355f4d0fa68-fef5dd7fb2eda5bba235c7335080f00c5d3670ef23e61b60a6201085147aae23,9b209a8df4da4b8d1324a72922683c465c740844eef3302799083ed553935116-73247d2a426212859ed5573281c4fb0f1ac040983509226591035355f4d0fa68-fef5dd7fb2eda5bba235c7335080f00c5d3670ef23e61b60a6201085147aae23,8cf387d9a83768e70a1dc1702707abd058687282c86b683cc6fc66b6b20d6f52,73247d2a426212859ed5573281c4fb0f1ac040983509226591035355f4d0fa68
ad57366865126e55649ecb23ae1d48887544976efea46a48eb5d85a6eeb4d306,9b209a8df4da4b8d1324a72922683c465c740844eef3302799083ed553935116,98a9f5d664d9d890847b3863639a85836879b88c1b0d8022cf812d69484ffbb9,16189a630bebe5af2758070eb7d92ccb12edc3d4913a9c48754b8ba60e98fc8a,fb2a4edd17f56dd07d1c9aef6b98e9094c35846f260bdc765c87bd6f2e8a7921,98a9f5d664d9d890847b3863639a85836879b88c1b0d8022cf812d69484ffbb9,16189a630bebe5af2758070eb7d92ccb12edc3d4913a9c48754b8ba60e98fc8a,53ed8e96bb2d5958f38c412073481d6f5e15404426cc1f8e536d0c4f8a14941d,8de0b3c47f112c59745f717a626932264c422a7563954872e237b223af4ad643,357.5643390385262,406.49530918023265,280.9679157665131,ebafc7f8530e495245bdfba503810ccef462ce7630766e7e1b9ec8dec07f160d,e1d7f43356d74d3d386ed62f017f430265f242c79247ce069014db3ea33e5d23,,85b82c1df153d3366f650faf1974dd83092a5ff9259814f1480f2096ff82469e-16189a630bebe5af2758070eb7d92ccb12edc3d4913a9c48754b8ba60e98fc8a,9b209a8df4da4b8d1324a72922683c465c740844eef3302799083ed553935116-85b82c1df153d3366f650faf1974dd83092a5ff9259814f1480f2096ff82469e-16189a630bebe5af2758070eb7d92ccb12edc3d4913a9c48754b8ba60e98fc8a,438b12d92f6b9844e3d62f94428d6e921ae6e5c5d99782fd4504bd9f47c01f32,85b82c1df153d3366f650faf1974dd83092a5ff9259814f1480f2096ff82469e
ad57366865126e55649ecb23ae1d48887544976efea46a48eb5d85a6eeb4d306,9b209a8df4da4b8d1324a72922683c465c740844eef3302799083ed553935116,98a9f5d664d9d890847b3863639a85836879b88c1b0d8022cf812d69484ffbb9,441d0f9d83bda47bf7bed634bf4e28e06e565452026f74bbd33a312ead7b4d2c,fb2a4edd17f56dd07d1c9aef6b98e9094c35846f260bdc765c87bd6f2e8a7921,98a9f5d664d9d890847b3863639a85836879b88c1b0d8022cf812d69484ffbb9,441d0f9d83bda47bf7bed634bf4e28e06e565452026f74bbd33a312ead7b4d2c,c85b6cefe36dac326d70ceb9f0cbd4b223777e9e68c9c9db465c0f19213fe826,8de0b3c47f112c59745f717a626932264c422a7563954872e237b223af4ad643,1955.6679613863748,1978.7122443421001,294.85002624945986,ebafc7f8530e495245bdfba503810ccef462ce7630766e7e1b9ec8dec07f160d,70bd59f42c8c5d4359d10857f394f2705b9ac9f9a1e5b95474a006fb5184a1b4,a26cdf3a6e709124385d4d7eb9bff6b897a58ed5597fbab779b89849dbe81b21,85b82c1df153d3366f650faf1974dd83092a5ff9259814f1480f2096ff82469e-441d0f9d83bda47bf7bed634bf4e28e06e565452026f74bbd33a312ead7b4d2c,9b209a8df4da4b8d1324a72922683c465c740844eef3302799083ed553935116-85b82c1df153d3366f650faf1974dd83092a5ff9259814f1480f2096ff82469e-441d0f9d83bda47bf7bed634bf4e28e06e565452026f74bbd33a312ead7b4d2c,c988792de5a1d1ff3a060364c48a4262c5d01496a202c5a37dff8c6b6d985a7c,85b82c1df153d3366f650faf1974dd83092a5ff9259814f1480f2096ff82469e
ad57366865126e55649ecb23ae1d48887544976efea46a48eb5d85a6eeb4d306,9b209a8df4da4b8d1324a72922683c465c740844eef3302799083ed553935116,98a9f5d664d9d890847b3863639a85836879b88c1b0d8022cf812d69484ffbb9,55884750c4a8f29a9ee3ed3823b2e64f3320f13c3a04ec45e1b2ef79518d8ebe,fb2a4edd17f56dd07d1c9aef6b98e9094c35846f260bdc765c87bd6f2e8a7921,98a9f5d664d9d890847b3863639a85836879b88c1b0d8022cf812d69484ffbb9,55884750c4a8f29a9ee3ed3823b2e64f3320f13c3a04ec45e1b2ef79518d8ebe,909f349a11c33c4e7c4845446943a23827c6265f93636e33c0bbbabe7e741381,8de0b3c47f112c59745f717a626932264c422a7563954872e237b223af4ad643,201.65499935706092,121.8838291522743,103.32256460824729,ebafc7f8530e495245bdfba503810ccef462ce7630766e7e1b9ec8dec07f160d,8998a8bd0c07312e37714bb0f48265d13af8acb0e09aec29a6fd09d95b0d3dbe,a4d8d54d911941f3926f0b21a8aa8d8ee2ba8951b017d8157f5a3e7712869ef2,85b82c1df153d3366f650faf1974dd83092a5ff9259814f1480f2096ff82469e-55884750c4a8f29a9ee3ed3823b2e64f3320f13c3a04ec45e1b2ef79518d8ebe,9b209a8df4da4b8d1324a72922683c465c740844eef3302799083ed553935116-85b82c1df153d3366f650faf1974dd83092a5ff9259814f1480f2096ff82469e-55884750c4a8f29a9ee3ed3823b2e64f3320f13c3a04ec45e1b2ef79518d8ebe,148a79f0901eb47f0759e9e724854d1b94f80d5f97f30fc1200bdd6a7179ec2d,85b82c1df153d3366f650faf1974dd83092a5ff9259814f1480f2096ff82469e
ad57366865126e55649ecb23ae1d48887544976efea46a48eb5d85a6eeb4d306,9b209a8df4da4b8d1324a72922683c465c740844eef3302799083ed553935116,98a9f5d664d9d890847b3863639a85836879b88c1b0d8022cf812d69484ffbb9,604edb6abb13f37743fc6457e66514ad09820665926dd2f1b1b4ffed85f636a9,fb2a4edd17f56dd07d1c9aef6b98e9094c35846f260bdc765c87bd6f2e8a7921,98a9f5d664d9d890847b3863639a85836879b88c1b0d8022cf812d69484ffbb9,604edb6abb13f37743fc6457e66514ad09820665926dd2f1b1b4ffed85f636a9,fda12f6395bf4dc3ceb526816cc7e07abc502a55c22ea1d2585975cc306da2f8,de5a6f78116eca62d7fc5ce159d23ae6b889b365a1739ad2cf36f925a140d0cc,1784.717664957787,3000.0787099154068,405.6565681476482,ebafc7f8530e495245bdfba503810ccef462ce7630766e7e1b9ec8dec07f160d,5197627d863bc5ca1b299ee330a60b1bc4bb2078bc0acd15f2881a8c593f695e,402419e92096bd4ab499de51bffcdcacb13eeb4b6452b327a334799ffd9f4df5,85b82c1df153d3366f650faf1974dd83092a5ff9259814f1480f2096ff82469e-604edb6abb13f37743fc6457e66514ad09820665926dd2f1b1b4ffed85f636a9,9b209a8df4da4b8d1324a72922683c465c740844eef3302799083ed553935116-85b82c1df153d3366f650faf1974dd83092a5ff9259814f1480f2096ff82469e-604edb6abb13f37743fc6457e66514ad09820665926dd2f1b1b4ffed85f636a9,05051571909e99915e7b7ccec6e680dd6142531a792d2c6e95024c7f8917f490,85b82c1df153d3366f650faf1974dd83092a5ff9259814f1480f2096ff82469e
ad57366865126e55649ecb23ae1d48887544976efea46a48eb5d85a6eeb4d306,9b209a8df4da4b8d1324a72922683c465c740844eef3302799083ed553935116,98a9f5d664d9d890847b3863639a85836879b88c1b0d8022cf812d69484ffbb9,d224abab6ebe3409d53027aa0f341be71af02954204474f314839105deeed771,fb2a4edd17f56dd07d1c9aef6b98e9094c35846f260bdc765c87bd6f2e8a7921,98a9f5d664d9d890847b3863639a85836879b88c1b0d8022cf812d69484ffbb9,d224abab6ebe3409d53027aa0f341be71af02954204474f314839105deeed771,f5e87ea49de6e1ef51452ece1f66e27c1d7f06c10d733cdfd023dbadaa5e3907,de5a6f78116eca62d7fc5ce159d23ae6b889b365a1739ad2cf36f925a140d0cc,86.79217848817555,25.117939726240213,468.89222612246374,ebafc7f8530e495245bdfba503810ccef462ce7630766e7e1b9ec8dec07f160d,12b9c092b6e4ece146b5f808e6584747d29833b919fdc3a5236ff677dfec5598,78bc8448cb3e1be847ed5c6e651fe78575d28cda36c4e53664a9917d332157b9,85b82c1df153d3366f650faf1974dd83092a5ff9259814f1480f2096ff82469e-d224abab6ebe3409d53027aa0f341be71af02954204474f314839105deeed771,9b209a8df4da4b8d1324a72922683c465c740844eef3302799083ed553935116-85b82c1df153d3366f650faf1974dd83092a5ff9259814f1480f2096ff82469e-d224abab6ebe3409d53027aa0f341be71af02954204474f314839105deeed771,c8de07dcaf3e5f6d94d639c565502ea95eb02399d166b9f319d9d12b29c89144,85b82c1df153d3366f650faf1974dd83092a5ff9259814f1480f2096ff82469e
ad57366865126e55649ecb23ae1d48887544976efea46a48eb5d85a6eeb4d306,9b209a8df4da4b8d1324a72922683c465c740844eef3302799083ed553935116,98a9f5d664d9d890847b3863639a85836879b88c1b0d8022cf812d69484ffbb9,eb06b33ea7d020074c0e9df804c2b1168e531f64ec7fc3b7521fc25317be446c,fb2a4edd17f56dd07d1c9aef6b98e9094c35846f260bdc765c87bd6f2e8a7921,98a9f5d664d9d890847b3863639a85836879b88c1b0d8022cf812d69484ffbb9,eb06b33ea7d020074c0e9df804c2b1168e531f64ec7fc3b7521fc25317be446c,b3075efe86e9bd868aac282f0e149dd27bcf91af29b9d010fcf40c30dcdb2c03,de5a6f78116eca62d7fc5ce159d23ae6b889b365a1739ad2cf36f925a140d0cc,407.4276421656633,447.39970520125394,408.9513523712737,ebafc7f8530e495245bdfba503810ccef462ce7630766e7e1b9ec8dec07f160d,edefdc4eb2222679784f027be898abf8ec04ad17b9c36f04a36b63f3b66689fb,02cb6fa562753c7e2863d7f7251cff6d60435180f1b80156a5a220d591047b3b,85b82c1df153d3366f650faf1974dd83092a5ff9259814f1480f2096ff82469e-eb06b33ea7d020074c0e9df804c2b1168e531f64ec7fc3b7521fc25317be446c,9b209a8df4da4b8d1324a72922683c465c740844eef3302799083ed553935116-85b82c1df153d3366f650faf1974dd83092a5ff9259814f1480f2096ff82469e-eb06b33ea7d020074c0e9df804c2b1168e531f64ec7fc3b7521fc25317be446c,787525d782b7f56685e2749f9be3507d44f69f5c2531b45a1c1f732100f3da0e,85b82c1df153d3366f650faf1974dd83092a5ff9259814f1480f2096ff82469e
ad57366865126e55649ecb23ae1d48887544976efea46a48eb5d85a6eeb4d306,9b209a8df4da4b8d1324a72922683c465c740844eef3302799083ed553935116,f41813bdf7b16a1945afb92597601931a9c3a52d9472d769231c8aba696d389b,16189a630bebe5af2758070eb7d92ccb12edc3d4913a9c48754b8ba60e98fc8a,fb2a4edd17f56dd07d1c9aef6b98e9094c35846f260bdc765c87bd6f2e8a7921,f41813bdf7b16a1945afb92597601931a9c3a52d9472d769231c8aba696d389b,16189a630bebe5af2758070eb7d92ccb12edc3d4913a9c48754b8ba60e98fc8a,53ed8e96bb2d5958f38c412073481d6f5e15404426cc1f8e536d0c4f8a14941d,8de0b3c47f112c59745f717a626932264c422a7563954872e237b223af4ad643,499.5516173159803,322.2393000380299,139.66373272143102,ebafc7f8530e495245bdfba503810ccef462ce7630766e7e1b9ec8dec07f160d,e1d7f43356d74d3d386ed62f017f430265f242c79247ce069014db3ea33e5d23,,c216f4a709b45177d40da3228690f31f68a0e62fe3d0bc4ab6f82977f54ae13d-16189a630bebe5af2758070eb7d92ccb12edc3d4913a9c48754b8ba60e98fc8a,9b209a8df4da4b8d1324a72922683c465c740844eef3302799083ed553935116-c216f4a709b45177d40da3228690f31f68a0e62fe3d0bc4ab6f82977f54ae13d-16189a630bebe5af2758070eb7d92ccb12edc3d4913a9c48754b8ba60e98fc8a,438b12d92f6b9844e3d62f94428d6e921ae6e5c5d99782fd4504bd9f47c01f32,c216f4a709b45177d40da3228690f31f68a0e62fe3d0bc4ab6f82977f54ae13d
ad57366865126e55649ecb23ae1d48887544976efea46a48eb5d85a6eeb4d306,9b209a8df4da4b8d1324a72922683c465c740844eef3302799083ed553935116,f41813bdf7b16a1945afb92597601931a9c3a52d9472d769231c8aba696d389b,3271d9c51bc7b088bdcf2487a136534404d61f016be7929c91fa09f79a1f312d,fb2a4edd17f56dd07d1c9aef6b98e9094c35846f260bdc765c87bd6f2e8a7921,f41813bdf7b16a1945afb92597601931a9c3a52d9472d769231c8aba696d389b,3271d9c51bc7b088bdcf2487a136534404d61f016be7929c91fa09f79a1f312d,ccab151f6a2398bdc93cdace4033a3432c4c70d91a74235c959a52274db5cf08,de5a6f78116eca62d7fc5ce159d23ae6b889b365a1739ad2cf36f925a140d0cc,482.51272047783897,472.0096355202438,139.51531398875778,ebafc7f8530e495245bdfba503810ccef462ce7630766e7e1b9ec8dec07f160d,9e49a4362c5eecf0745fae4db0af5c3a15ffdc57ba8fd006a95317b46d128541,60dc1e3084d82b9597446ce0ef957b38dd037a4a7918f4056ebf5de67ae934ac,c216f4a709b45177d40da3228690f31f68a0e62fe3d0bc4ab6f82977f54ae13d-3271d9c51bc7b088bdcf2487a136534404d61f016be7929c91fa09f79a1f312d,9b209a8df4da4b8d1324a72922683c465c740844eef3302799083ed553935116-c216f4a709b45177d40da3228690f31f68a0e62fe3d0bc4ab6f82977f54ae13d-3271d9c51bc7b088bdcf2487a136534404d61f016be7929c91fa09f79a1f312d,910f0a37d3ba8ceea565a93aa96b9630267c02e0f8475332715eb236dbd15dc7,c216f4a709b45177d40da3228690f31f68a0e62fe3d0bc4ab6f82977f54ae13d
ad57366865126e55649ecb23ae1d48887544976efea46a48eb5d85a6eeb4d306,9b209a8df4da4b8d1324a72922683c465c740844eef3302799083ed553935116,f41813bdf7b16a1945afb92597601931a9c3a52d9472d769231c8aba696d389b,441d0f9d83bda47bf7bed634bf4e28e06e565452026f74bbd33a312ead7b4d2c,fb2a4edd17f56dd07d1c9aef6b98e9094c35846f260bdc765c87bd6f2e8a7921,f41813bdf7b16a1945afb92597601931a9c3a52d9472d769231c8aba696d389b,441d0f9d83bda47bf7bed634bf4e28e06e565452026f74bbd33a312ead7b4d2c,c85b6cefe36dac326d70ceb9f0cbd4b223777e9e68c9c9db465c0f19213fe826,8de0b3c47f112c59745f717a626932264c422a7563954872e237b223af4ad643,5035.993638650011,5306.119094644076,467.30967092310715,ebafc7f8530e495245bdfba503810ccef462ce7630766e7e1b9ec8dec07f160d,70bd59f42c8c5d4359d10857f394f2705b9ac9f9a1e5b95474a006fb5184a1b4,a26cdf3a6e709124385d4d7eb9bff6b897a58ed5597fbab779b89849dbe81b21,c216f4a709b45177d40da3228690f31f68a0e62fe3d0bc4ab6f82977f54ae13d-441d0f9d83bda47bf7bed634bf4e28e06e565452026f74bbd33a312ead7b4d2c,9b209a8df4da4b8d1324a72922683c465c740844eef3302799083ed553935116-c216f4a709b45177d40da3228690f31f68a0e62fe3d0bc4ab6f82977f54ae13d-441d0f9d83bda47bf7bed634bf4e28e06e565452026f74bbd33a312ead7b4d2c,c988792de5a1d1ff3a060364c48a4262c5d01496a202c5a37dff8c6b6d985a7c,c216f4a709b45177d40da3228690f31f68a0e62fe3d0bc4ab6f82977f54ae13d
ad57366865126e55649ecb23ae1d48887544976efea46a48eb5d85a6eeb4d306,9b209a8df4da4b8d1324a72922683c465c740844eef3302799083ed553935116,f41813bdf7b16a1945afb92597601931a9c3a52d9472d769231c8aba696d389b,55884750c4a8f29a9ee3ed3823b2e64f3320f13c3a04ec45e1b2ef79518d8ebe,fb2a4edd17f56dd07d1c9aef6b98e9094c35846f260bdc765c87bd6f2e8a7921,f41813bdf7b16a1945afb92597601931a9c3a52d9472d769231c8aba696d389b,55884750c4a8f29a9ee3ed3823b2e64f3320f13c3a04ec45e1b2ef79518d8ebe,909f349a11c33c4e7c4845446943a23827c6265f93636e33c0bbbabe7e741381,8de0b3c47f112c59745f717a626932264c422a7563954872e237b223af4ad643,1440.0466597192008,1516.5660152757355,187.99662576177388,ebafc7f8530e495245bdfba503810ccef462ce7630766e7e1b9ec8dec07f160d,8998a8bd0c07312e37714bb0f48265d13af8acb0e09aec29a6fd09d95b0d3dbe,a4d8d54d911941f3926f0b21a8aa8d8ee2ba8951b017d8157f5a3e7712869ef2,c216f4a709b45177d40da3228690f31f68a0e62fe3d0bc4ab6f82977f54ae13d-55884750c4a8f29a9ee3ed3823b2e64f3320f13c3a04ec45e1b2ef79518d8ebe,9b209a8df4da4b8d1324a72922683c465c740844eef3302799083ed553935116-c216f4a709b45177d40da3228690f31f68a0e62fe3d0bc4ab6f82977f54ae13d-55884750c4a8f29a9ee3ed3823b2e64f3320f13c3a04ec45e1b2ef79518d8ebe,148a79f0901eb47f0759e9e724854d1b94f80d5f97f30fc1200bdd6a7179ec2d,c216f4a709b45177d40da3228690f31f68a0e62fe3d0bc4ab6f82977f54ae13d
ad57366865126e55649ecb23ae1d48887544976efea46a48eb5d85a6eeb4d306,9b209a8df4da4b8d1324a72922683c465c740844eef3302799083ed553935116,f41813bdf7b16a1945afb92597601931a9c3a52d9472d769231c8aba696d389b,604edb6abb13f37743fc6457e66514ad09820665926dd2f1b1b4ffed85f636a9,fb2a4edd17f56dd07d1c9aef6b98e9094c35846f260bdc765c87bd6f2e8a7921,f41813bdf7b16a1945afb92597601931a9c3a52d9472d769231c8aba696d389b,604edb6abb13f37743fc6457e66514ad09820665926dd2f1b1b4ffed85f636a9,fda12f6395bf4dc3ceb526816cc7e07abc502a55c22ea1d2585975cc306da2f8,de5a6f78116eca62d7fc5ce159d23ae6b889b365a1739ad2cf36f925a140d0cc,3227.5509128183917,1922.6258289819882,171.4665121949624,ebafc7f8530e495245bdfba503810ccef462ce7630766e7e1b9ec8dec07f160d,5197627d863bc5ca1b299ee330a60b1bc4bb2078bc0acd15f2881a8c593f695e,402419e92096bd4ab499de51bffcdcacb13eeb4b6452b327a334799ffd9f4df5,c216f4a709b45177d40da3228690f31f68a0e62fe3d0bc4ab6f82977f54ae13d-604edb6abb13f37743fc6457e66514ad09820665926dd2f1b1b4ffed85f636a9,9b209a8df4da4b8d1324a72922683c465c740844eef3302799083ed553935116-c216f4a709b45177d40da3228690f31f68a0e62fe3d0bc4ab6f82977f54ae13d-604edb6abb13f37743fc6457e66514ad09820665926dd2f1b1b4ffed85f636a9,05051571909e99915e7b7ccec6e680dd6142531a792d2c6e95024c7f8917f490,c216f4a709b45177d40da3228690f31f68a0e62fe3d0bc4ab6f82977f54ae13d
ad57366865126e55649ecb23ae1d48887544976efea46a48eb5d85a6eeb4d306,9b209a8df4da4b8d1324a72922683c465c740844eef3302799083ed553935116,f41813bdf7b16a1945afb92597601931a9c3a52d9472d769231c8aba696d389b,b8f7ec3087ebe63052a25d3569c58c26715b483b6cc72cd5920ed56a0a5ed4b3,fb2a4edd17f56dd07d1c9aef6b98e9094c35846f260bdc765c87bd6f2e8a7921,f41813bdf7b16a1945afb92597601931a9c3a52d9472d769231c8aba696d389b,b8f7ec3087ebe63052a25d3569c58c26715b483b6cc72cd5920ed56a0a5ed4b3,0c856a105254290e57b60b871c26cb3388eb8b420c4ea4744a17ff4e70f8e7ae,de5a6f78116eca62d7fc5ce159d23ae6b889b365a1739ad2cf36f925a140d0cc,103.97773293825252,235.1947647380421,142.6530181265442,ebafc7f8530e495245bdfba503810ccef462ce7630766e7e1b9ec8dec07f160d,e1d7f43356d74d3d386ed62f017f430265f242c79247ce069014db3ea33e5d23,,c216f4a709b45177d40da3228690f31f68a0e62fe3d0bc4ab6f82977f54ae13d-b8f7ec3087ebe63052a25d3569c58c26715b483b6cc72cd5920ed56a0a5ed4b3,9b209a8df4da4b8d1324a72922683c465c740844eef3302799083ed553935116-c216f4a709b45177d40da3228690f31f68a0e62fe3d0bc4ab6f82977f54ae13d-b8f7ec3087ebe63052a25d3569c58c26715b483b6cc72cd5920ed56a0a5ed4b3,5e14db90a303e1aec72734fa758716fb62a38504d200fe054591f9f68c8785b5,c216f4a709b45177d40da3228690f31f68a0e62fe3d0bc4ab6f82977f54ae13d
ad57366865126e55649ecb23ae1d48887544976efea46a48eb5d85a6eeb4d306,9b209a8df4da4b8d1324a72922683c465c740844eef3302799083ed553935116,f41813bdf7b16a1945afb92597601931a9c3a52d9472d769231c8aba696d389b,d1a502f290368a4fddf2ba3fc2c6595712e7438dafca7bae290b76d197efc6df,fb2a4edd17f56dd07d1c9aef6b98e9094c35846f260bdc765c87bd6f2e8a7921,f41813bdf7b16a1945afb92597601931a9c3a52d9472d769231c8aba696d389b,d1a502f290368a4fddf2ba3fc2c6595712e7438dafca7bae290b76d197efc6df,fe69adab06751e0530b34dd8fb776c92506372019f598d26a44a7a8b22f43052,de5a6f78116eca62d7fc5ce159d23ae6b889b365a1739ad2cf36f925a140d0cc,392.45956258107134,386.4099520800845,442.9907879118982,ebafc7f8530e495245bdfba503810ccef462ce7630766e7e1b9ec8dec07f160d,e1d7f43356d74d3d386ed62f017f430265f242c79247ce069014db3ea33e5d23,,c216f4a709b45177d40da3228690f31f68a0e62fe3d0bc4ab6f82977f54ae13d-d1a502f290368a4fddf2ba3fc2c6595712e7438dafca7bae290b76d197efc6df,9b209a8df4da4b8d1324a72922683c465c740844eef3302799083ed553935116-c216f4a709b45177d40da3228690f31f68a0e62fe3d0bc4ab6f82977f54ae13d-d1a502f290368a4fddf2ba3fc2c6595712e7438dafca7bae290b76d197efc6df,4bb5d71631e82ff85fa3e2f4e943cd6dbc350fb979a071ab495c1ba43d1fd0c1,c216f4a709b45177d40da3228690f31f68a0e62fe3d0bc4ab6f82977f54ae13d
ad57366865126e55649ecb23ae1d48887544976efea46a48eb5d85a6eeb4d306,9b209a8df4da4b8d1324a72922683c465c740844eef3302799083ed553935116,f41813bdf7b16a1945afb92597601931a9c3a52d9472d769231c8aba696d389b,d224abab6ebe3409d53027aa0f341be71af02954204474f314839105deeed771,fb2a4edd17f56dd07d1c9aef6b98e9094c35846f260bdc765c87bd6f2e8a7921,f41813bdf7b16a1945afb92597601931a9c3a52d9472d769231c8aba696d389b,d224abab6ebe3409d53027aa0f341be71af02954204474f314839105deeed771,f5e87ea49de6e1ef51452ece1f66e27c1d7f06c10d733cdfd023dbadaa5e3907,de5a6f78116eca62d7fc5ce159d23ae6b889b365a1739ad2cf36f925a140d0cc,194.095229942278,59.11332680392811,142.58299429736044,ebafc7f8530e495245bdfba503810ccef462ce7630766e7e1b9ec8dec07f160d,12b9c092b6e4ece146b5f808e6584747d29833b919fdc3a5236ff677dfec5598,78bc8448cb3e1be847ed5c6e651fe78575d28cda36c4e53664a9917d332157b9,c216f4a709b45177d40da3228690f31f68a0e62fe3d0bc4ab6f82977f54ae13d-d224abab6ebe3409d53027aa0f341be71af02954204474f314839105deeed771,9b209a8df4da4b8d1324a72922683c465c740844eef3302799083ed553935116-c216f4a709b45177d40da3228690f31f68a0e62fe3d0bc4ab6f82977f54ae13d-d224abab6ebe3409d53027aa0f341be71af02954204474f314839105deeed771,c8de07dcaf3e5f6d94d639c565502ea95eb02399d166b9f319d9d12b29c89144,c216f4a709b45177d40da3228690f31f68a0e62fe3d0bc4ab6f82977f54ae13d
ad57366865126e55649ecb23ae1d48887544976efea46a48eb5d85a6eeb4d306,9b209a8df4da4b8d1324a72922683c465c740844eef3302799083ed553935116,f41813bdf7b16a1945afb92597601931a9c3a52d9472d769231c8aba696d389b,eb06b33ea7d020074c0e9df804c2b1168e531f64ec7fc3b7521fc25317be446c,fb2a4edd17f56dd07d1c9aef6b98e9094c35846f260bdc765c87bd6f2e8a7921,f41813bdf7b16a1945afb92597601931a9c3a52d9472d769231c8aba696d389b,eb06b33ea7d020074c0e9df804c2b1168e531f64ec7fc3b7521fc25317be446c,b3075efe86e9bd868aac282f0e149dd27bcf91af29b9d010fcf40c30dcdb2c03,de5a6f78116eca62d7fc5ce159d23ae6b889b365a1739ad2cf36f925a140d0cc,61654.173074514416,435.6543039931017,429.4205373296539,ebafc7f8530e495245bdfba503810ccef462ce7630766e7e1b9ec8dec07f160d,edefdc4eb2222679784f027be898abf8ec04ad17b9c36f04a36b63f3b66689fb,02cb6fa562753c7e2863d7f7251cff6d60435180f1b80156a5a220d591047b3b,c216f4a709b45177d40da3228690f31f68a0e62fe3d0bc4ab6f82977f54ae13d-eb06b33ea7d020074c0e9df804c2b1168e531f64ec7fc3b7521fc25317be446c,9b209a8df4da4b8d1324a72922683c465c740844eef3302799083ed553935116-c216f4a709b45177d40da3228690f31f68a0e62fe3d0bc4ab6f82977f54ae13d-eb06b33ea7d020074c0e9df804c2b1168e531f64ec7fc3b7521fc25317be446c,787525d782b7f56685e2749f9be3507d44f69f5c2531b45a1c1f732100f3da0e,c216f4a709b45177d40da3228690f31f68a0e62fe3d0bc4ab6f82977f54ae13d
ad57366865126e55649ecb23ae1d48887544976efea46a48eb5d85a6eeb4d306,9b209a8df4da4b8d1324a72922683c465c740844eef3302799083ed553935116,cc63fd93b59fda5dbe5e1605b6453e8e3a1d25c8d27042631f7b50ab9d7a77ed,16189a630bebe5af2758070eb7d92ccb12edc3d4913a9c48754b8ba60e98fc8a,fb2a4edd17f56dd07d1c9aef6b98e9094c35846f260bdc765c87bd6f2e8a7921,cc63fd93b59fda5dbe5e1605b6453e8e3a1d25c8d27042631f7b50ab9d7a77ed,16189a630bebe5af2758070eb7d92ccb12edc3d4913a9c48754b8ba60e98fc8a,53ed8e96bb2d5958f38c412073481d6f5e15404426cc1f8e536d0c4f8a14941d,8de0b3c47f112c59745f717a626932264c422a7563954872e237b223af4ad643,385.70423140348487,47.68867915156166,326.6072822583353,ebafc7f8530e495245bdfba503810ccef462ce7630766e7e1b9ec8dec07f160d,e1d7f43356d74d3d386ed62f017f430265f242c79247ce069014db3ea33e5d23,,c2bb3b34c7d0fafdfe81229c0834926066486aff6ffdc72ba7ffa8a2610096fb-16189a630bebe5af2758070eb7d92ccb12edc3d4913a9c48754b8ba60e98fc8a,9b209a8df4da4b8d1324a72922683c465c740844eef3302799083ed553935116-c2bb3b34c7d0fafdfe81229c0834926066486aff6ffdc72ba7ffa8a2610096fb-16189a630bebe5af2758070eb7d92ccb12edc3d4913a9c48754b8ba60e98fc8a,438b12d92f6b9844e3d62f94428d6e921ae6e5c5d99782fd4504bd9f47c01f32,c2bb3b34c7d0fafdfe81229c0834926066486aff6ffdc72ba7ffa8a2610096fb
ad57366865126e55649ecb23ae1d48887544976efea46a48eb5d85a6eeb4d306,9b209a8df4da4b8d1324a72922683c465c740844eef3302799083ed553935116,cc63fd93b59fda5dbe5e1605b6453e8e3a1d25c8d27042631f7b50ab9d7a77ed,441d0f9d83bda47bf7bed634bf4e28e06e565452026f74bbd33a312ead7b4d2c,fb2a4edd17f56dd07d1c9aef6b98e9094c35846f260bdc765c87bd6f2e8a7921,cc63fd93b59fda5dbe5e1605b6453e8e3a1d25c8d27042631f7b50ab9d7a77ed,441d0f9d83bda47bf7bed634bf4e28e06e565452026f74bbd33a312ead7b4d2c,c85b6cefe36dac326d70ceb9f0cbd4b223777e9e68c9c9db465c0f19213fe826,8de0b3c47f112c59745f717a626932264c422a7563954872e237b223af4ad643,7413.889655259338,6914.437676353388,148.4914498592122,ebafc7f8530e495245bdfba503810ccef462ce7630766e7e1b9ec8dec07f160d,70bd59f42c8c5d4359d10857f394f2705b9ac9f9a1e5b95474a006fb5184a1b4,a26cdf3a6e709124385d4d7eb9bff6b897a58ed5597fbab779b89849dbe81b21,c2bb3b34c7d0fafdfe81229c0834926066486aff6ffdc72ba7ffa8a2610096fb-441d0f9d83bda47bf7bed634bf4e28e06e565452026f74bbd33a312ead7b4d2c,9b209a8df4da4b8d1324a72922683c465c740844eef3302799083ed553935116-c2bb3b34c7d0fafdfe81229c0834926066486aff6ffdc72ba7ffa8a2610096fb-441d0f9d83bda47bf7bed634bf4e28e06e565452026f74bbd33a312ead7b4d2c,c988792de5a1d1ff3a060364c48a4262c5d01496a202c5a37dff8c6b6d985a7c,c2bb3b34c7d0fafdfe81229c0834926066486aff6ffdc72ba7ffa8a2610096fb
ad57366865126e55649ecb23ae1d48887544976efea46a48eb5d85a6eeb4d306,9b209a8df4da4b8d1324a72922683c465c740844eef3302799083ed553935116,cc63fd93b59fda5dbe5e1605b6453e8e3a1d25c8d27042631f7b50ab9d7a77ed,55884750c4a8f29a9ee3ed3823b2e64f3320f13c3a04ec45e1b2ef79518d8ebe,fb2a4edd17f56dd07d1c9aef6b98e9094c35846f260bdc765c87bd6f2e8a7921,cc63fd93b59fda5dbe5e1605b6453e8e3a1d25c8d27042631f7b50ab9d7a77ed,55884750c4a8f29a9ee3ed3823b2e64f3320f13c3a04ec45e1b2ef79518d8ebe,909f349a11c33c4e7c4845446943a23827c6265f93636e33c0bbbabe7e741381,8de0b3c47f112c59745f717a626932264c422a7563954872e237b223af4ad643,325.94755113172954,133.7456323711863,349.02675022571344,ebafc7f8530e495245bdfba503810ccef462ce7630766e7e1b9ec8dec07f160d,8998a8bd0c07312e37714bb0f48265d13af8acb0e09aec29a6fd09d95b0d3dbe,a4d8d54d911941f3926f0b21a8aa8d8ee2ba8951b017d8157f5a3e7712869ef2,c2bb3b34c7d0fafdfe81229c0834926066486aff6ffdc72ba7ffa8a2610096fb-55884750c4a8f29a9ee3ed3823b2e64f3320f13c3a04ec45e1b2ef79518d8ebe,9b209a8df4da4b8d1324a72922683c465c740844eef3302799083ed553935116-c2bb3b34c7d0fafdfe81229c0834926066486aff6ffdc72ba7ffa8a2610096fb-55884750c4a8f29a9ee3ed3823b2e64f3320f13c3a04ec45e1b2ef79518d8ebe,148a79f0901eb47f0759e9e724854d1b94f80d5f97f30fc1200bdd6a7179ec2d,c2bb3b34c7d0fafdfe81229c0834926066486aff6ffdc72ba7ffa8a2610096fb
ad57366865126e55649ecb23ae1d48887544976efea46a48eb5d85a6eeb4d306,9b209a8df4da4b8d1324a72922683c465c740844eef3302799083ed553935116,cc63fd93b59fda5dbe5e1605b6453e8e3a1d25c8d27042631f7b50ab9d7a77ed,604edb6abb13f37743fc6457e66514ad09820665926dd2f1b1b4ffed85f636a9,fb2a4edd17f56dd07d1c9aef6b98e9094c35846f260bdc765c87bd6f2e8a7921,cc63fd93b59fda5dbe5e1605b6453e8e3a1d25c8d27042631f7b50ab9d7a77ed,604edb6abb13f37743fc6457e66514ad09820665926dd2f1b1b4ffed85f636a9,fda12f6395bf4dc3ceb526816cc7e07abc502a55c22ea1d2585975cc306da2f8,de5a6f78116eca62d7fc5ce159d23ae6b889b365a1739ad2cf36f925a140d0cc,126.65864625382962,128.95519435504272,421.08304357825,ebafc7f8530e495245bdfba503810ccef462ce7630766e7e1b9ec8dec07f160d,5197627d863bc5ca1b299ee330a60b1bc4bb2078bc0acd15f2881a8c593f695e,402419e92096bd4ab499de51bffcdcacb13eeb4b6452b327a334799ffd9f4df5,c2bb3b34c7d0fafdfe81229c0834926066486aff6ffdc72ba7ffa8a2610096fb-604edb6abb13f37743fc6457e66514ad09820665926dd2f1b1b4ffed85f636a9,9b209a8df4da4b8d1324a72922683c465c740844eef3302799083ed553935116-c2bb3b34c7d0fafdfe81229c0834926066486aff6ffdc72ba7ffa8a2610096fb-604edb6abb13f37743fc6457e66514ad09820665926dd2f1b1b4ffed85f636a9,05051571909e99915e7b7ccec6e680dd6142531a792d2c6e95024c7f8917f490,c2bb3b34c7d0fafdfe81229c0834926066486aff6ffdc72ba7ffa8a2610096fb
ad57366865126e55649ecb23ae1d48887544976efea46a48eb5d85a6eeb4d306,9b209a8df4da4b8d1324a72922683c465c740844eef3302799083ed553935116,cc63fd93b59fda5dbe5e1605b6453e8e3a1d25c8d27042631f7b50ab9d7a77ed,d224abab6ebe3409d53027aa0f341be71af02954204474f314839105deeed771,fb2a4edd17f56dd07d1c9aef6b98e9094c35846f260bdc765c87bd6f2e8a7921,cc63fd93b59fda5dbe5e1605b6453e8e3a1d25c8d27042631f7b50ab9d7a77ed,d224abab6ebe3409d53027aa0f341be71af02954204474f314839105deeed771,f5e87ea49de6e1ef51452ece1f66e27c1d7f06c10d733cdfd023dbadaa5e3907,de5a6f78116eca62d7fc5ce159d23ae6b889b365a1739ad2cf36f925a140d0cc,112.12970755625223,212.06705732682008,309.53827357251015,ebafc7f8530e495245bdfba503810ccef462ce7630766e7e1b9ec8dec07f160d,12b9c092b6e4ece146b5f808e6584747d29833b919fdc3a5236ff677dfec5598,78bc8448cb3e1be847ed5c6e651fe78575d28cda36c4e53664a9917d332157b9,c2bb3b34c7d0fafdfe81229c0834926066486aff6ffdc72ba7ffa8a2610096fb-d224abab6ebe3409d53027aa0f341be71af02954204474f314839105deeed771,9b209a8df4da4b8d1324a72922683c465c740844eef3302799083ed553935116-c2bb3b34c7d0fafdfe81229c0834926066486aff6ffdc72ba7ffa8a2610096fb-d224abab6ebe3409d53027aa0f341be71af02954204474f314839105deeed771,c8de07dcaf3e5f6d94d639c565502ea95eb02399d166b9f319d9d12b29c89144,c2bb3b34c7d0fafdfe81229c0834926066486aff6ffdc72ba7ffa8a2610096fb
ad57366865126e55649ecb23ae1d48887544976efea46a48eb5d85a6eeb4d306,9b209a8df4da4b8d1324a72922683c465c740844eef3302799083ed553935116,cc63fd93b59fda5dbe5e1605b6453e8e3a1d25c8d27042631f7b50ab9d7a77ed,eb06b33ea7d020074c0e9df804c2b1168e531f64ec7fc3b7521fc25317be446c,fb2a4edd17f56dd07d1c9aef6b98e9094c35846f260bdc765c87bd6f2e8a7921,cc63fd93b59fda5dbe5e1605b6453e8e3a1d25c8d27042631f7b50ab9d7a77ed,eb06b33ea7d020074c0e9df804c2b1168e531f64ec7fc3b7521fc25317be446c,b3075efe86e9bd868aac282f0e149dd27bcf91af29b9d010fcf40c30dcdb2c03,de5a6f78116eca62d7fc5ce159d23ae6b889b365a1739ad2cf36f925a140d0cc,416.6233124765435,247.52766461033704,45.8254545189542,ebafc7f8530e495245bdfba503810ccef462ce7630766e7e1b9ec8dec07f160d,edefdc4eb2222679784f027be898abf8ec04ad17b9c36f04a36b63f3b66689fb,02cb6fa562753c7e2863d7f7251cff6d60435180f1b80156a5a220d591047b3b,c2bb3b34c7d0fafdfe81229c0834926066486aff6ffdc72ba7ffa8a2610096fb-eb06b33ea7d020074c0e9df804c2b1168e531f64ec7fc3b7521fc25317be446c,9b209a8df4da4b8d1324a72922683c465c740844eef3302799083ed553935116-c2bb3b34c7d0fafdfe81229c0834926066486aff6ffdc72ba7ffa8a2610096fb-eb06b33ea7d020074c0e9df804c2b1168e531f64ec7fc3b7521fc25317be446c,787525d782b7f56685e2749f9be3507d44f69f5c2531b45a1c1f732100f3da0e,c2bb3b34c7d0fafdfe81229c0834926066486aff6ffdc72ba7ffa8a2610096fb
ad57366865126e55649ecb23ae1d48887544976efea46a48eb5d85a6eeb4d306,abe464ff6d208dc29d603390b9992bcccb9b06e57c94eb07ce579966fd0608e1,1d32ebee11fb438f59b64727408b63dc9d034e930d3ca83f2ca83004aef76c1e,0f24794338ec0aa81fd7079166108c55022c0b70935e910a5efd4e8af270e20a,fb2a4edd17f56dd07d1c9aef6b98e9094c35846f260bdc765c87bd6f2e8a7921,1d32ebee11fb438f59b64727408b63dc9d034e930d3ca83f2ca83004aef76c1e,0f24794338ec0aa81fd7079166108c55022c0b70935e910a5efd4e8af270e20a,3eb950dcb975bf6a7d20455302b6666a44c545a9a3ec029ce5514383cfd368dd,8de0b3c47f112c59745f717a626932264c422a7563954872e237b223af4ad643,413.0005758896777,425.4798576819179,200.228361076351,923460afd903841a21363fb1ae650e8d624aaea62efe94c043dced07673a52e3,8bda157a2fc2a609ddca37f9c440212d467102d89c68f1cd11a20bcc8e760327,a26cdf3a6e709124385d4d7eb9bff6b897a58ed5597fbab779b89849dbe81b21,774fecb2b770a8c768ed5e18e45ccda9774da972068ade1684af473ab053b232-0f24794338ec0aa81fd7079166108c55022c0b70935e910a5efd4e8af270e20a,abe464ff6d208dc29d603390b9992bcccb9b06e57c94eb07ce579966fd0608e1-774fecb2b770a8c768ed5e18e45ccda9774da972068ade1684af473ab053b232-0f24794338ec0aa81fd7079166108c55022c0b70935e910a5efd4e8af270e20a,ee3b192edd2795d0ed5c978cf97d133ed59c002d33e708f6fece6fa9aac389c8,774fecb2b770a8c768ed5e18e45ccda9774da972068ade1684af473ab053b232
ad57366865126e55649ecb23ae1d48887544976efea46a48eb5d85a6eeb4d306,abe464ff6d208dc29d603390b9992bcccb9b06e57c94eb07ce579966fd0608e1,1d32ebee11fb438f59b64727408b63dc9d034e930d3ca83f2ca83004aef76c1e,ae5ee4e475c9ed4edeadf6f223874cdba0de2820c52d577931d417edcca0c802,fb2a4edd17f56dd07d1c9aef6b98e9094c35846f260bdc765c87bd6f2e8a7921,1d32ebee11fb438f59b64727408b63dc9d034e930d3ca83f2ca83004aef76c1e,ae5ee4e475c9ed4edeadf6f223874cdba0de2820c52d577931d417edcca0c802,49d32faf94c75581e9547597e3735ebfa319c71d5f7af16747e4a327b3fa0942,8de0b3c47f112c59745f717a626932264c422a7563954872e237b223af4ad643,826.3985481077865,1772.770457845532,506.8622248738451,e4d8e2c97976e3e0ddeae407fd54987f0b4f8d6792284742b51399a078765319,8bda157a2fc2a609ddca37f9c440212d467102d89c68f1cd11a20bcc8e760327,a26cdf3a6e709124385d4d7eb9bff6b897a58ed5597fbab779b89849dbe81b21,774fecb2b770a8c768ed5e18e45ccda9774da972068ade1684af473ab053b232-ae5ee4e475c9ed4edeadf6f223874cdba0de2820c52d577931d417edcca0c802,abe464ff6d208dc29d603390b9992bcccb9b06e57c94eb07ce579966fd0608e1-774fecb2b770a8c768ed5e18e45ccda9774da972068ade1684af473ab053b232-ae5ee4e475c9ed4edeadf6f223874cdba0de2820c52d577931d417edcca0c802,d437fd0520a627ea969f26de517ee82e6b7dad2e107196aeaeabdfd42cc5edbf,774fecb2b770a8c768ed5e18e45ccda9774da972068ade1684af473ab053b232
ad57366865126e55649ecb23ae1d48887544976efea46a48eb5d85a6eeb4d306,abe464ff6d208dc29d603390b9992bcccb9b06e57c94eb07ce579966fd0608e1,1d32ebee11fb438f59b64727408b63dc9d034e930d3ca83f2ca83004aef76c1e,b9ffe9007a4cd971a305ac35efd97a6ae76193c62a33b9f49f704113caedaad6,fb2a4edd17f56dd07d1c9aef6b98e9094c35846f260bdc765c87bd6f2e8a7921,1d32ebee11fb438f59b64727408b63dc9d034e930d3ca83f2ca83004aef76c1e,b9ffe9007a4cd971a305ac35efd97a6ae76193c62a33b9f49f704113caedaad6,5c77300873282d89c4725dcf971dc89b82e434b7642330cad15f654a2fb0edd2,8de0b3c47f112c59745f717a626932264c422a7563954872e237b223af4ad643,405.3355274363925,1771.281180335621,432.0750681043332,e4d8e2c97976e3e0ddeae407fd54987f0b4f8d6792284742b51399a078765319,8bda157a2fc2a609ddca37f9c440212d467102d89c68f1cd11a20bcc8e760327,a26cdf3a6e709124385d4d7eb9bff6b897a58ed5597fbab779b89849dbe81b21,774fecb2b770a8c768ed5e18e45ccda9774da972068ade1684af473ab053b232-b9ffe9007a4cd971a305ac35efd97a6ae76193c62a33b9f49f704113caedaad6,abe464ff6d208dc29d603390b9992bcccb9b06e57c94eb07ce579966fd0608e1-774fecb2b770a8c768ed5e18e45ccda9774da972068ade1684af473ab053b232-b9ffe9007a4cd971a305ac35efd97a6ae76193c62a33b9f49f704113caedaad6,164a0f4846758b287449b92b318febdebe71caa521262daf88395d4b3a2e939b,774fecb2b770a8c768ed5e18e45ccda9774da972068ade1684af473ab053b232
ad57366865126e55649ecb23ae1d48887544976efea46a48eb5d85a6eeb4d306,abe464ff6d208dc29d603390b9992bcccb9b06e57c94eb07ce579966fd0608e1,afddd09bfd6528220d359bd13c3b6f18a710b480db78ab4a1dc516f871b98942,ae5ee4e475c9ed4edeadf6f223874cdba0de2820c52d577931d417edcca0c802,fb2a4edd17f56dd07d1c9aef6b98e9094c35846f260bdc765c87bd6f2e8a7921,afddd09bfd6528220d359bd13c3b6f18a710b480db78ab4a1dc516f871b98942,ae5ee4e475c9ed4edeadf6f223874cdba0de2820c52d577931d417edcca0c802,49d32faf94c75581e9547597e3735ebfa319c71d5f7af16747e4a327b3fa0942,8de0b3c47f112c59745f717a626932264c422a7563954872e237b223af4ad643,453.71398249130266,572.2486755732041,1419.4536282646209,4c36c775b818b891dca3ff4671f709de87ed56fdc9e0893846f27dd0bd0ecc9a,8bda157a2fc2a609ddca37f9c440212d467102d89c68f1cd11a20bcc8e760327,a26cdf3a6e709124385d4d7eb9bff6b897a58ed5597fbab779b89849dbe81b21,908d2831d769fc7a24550e080ae2cb7b7ed6fbb4b659383712c397dc4b61cacb-ae5ee4e475c9ed4edeadf6f223874cdba0de2820c52d577931d417edcca0c802,abe464ff6d208dc29d603390b9992bcccb9b06e57c94eb07ce579966fd0608e1-908d2831d769fc7a24550e080ae2cb7b7ed6fbb4b659383712c397dc4b61cacb-ae5ee4e475c9ed4edeadf6f223874cdba0de2820c52d577931d417edcca0c802,d437fd0520a627ea969f26de517ee82e6b7dad2e107196aeaeabdfd42cc5edbf,908d2831d769fc7a24550e080ae2cb7b7ed6fbb4b659383712c397dc4b61cacb
ad57366865126e55649ecb23ae1d48887544976efea46a48eb5d85a6eeb4d306,abe464ff6d208dc29d603390b9992bcccb9b06e57c94eb07ce579966fd0608e1,afddd09bfd6528220d359bd13c3b6f18a710b480db78ab4a1dc516f871b98942,b9ffe9007a4cd971a305ac35efd97a6ae76193c62a33b9f49f704113caedaad6,fb2a4edd17f56dd07d1c9aef6b98e9094c35846f260bdc765c87bd6f2e8a7921,afddd09bfd6528220d359bd13c3b6f18a710b480db78ab4a1dc516f871b98942,b9ffe9007a4cd971a305ac35efd97a6ae76193c62a33b9f49f704113caedaad6,5c77300873282d89c4725dcf971dc89b82e434b7642330cad15f654a2fb0edd2,8de0b3c47f112c59745f717a626932264c422a7563954872e237b223af4ad643,331.2207176227389,403.4546763296534,1266.1742931659742,4c36c775b818b891dca3ff4671f709de87ed56fdc9e0893846f27dd0bd0ecc9a,8bda157a2fc2a609ddca37f9c440212d467102d89c68f1cd11a20bcc8e760327,a26cdf3a6e709124385d4d7eb9bff6b897a58ed5597fbab779b89849dbe81b21,908d2831d769fc7a24550e080ae2cb7b7ed6fbb4b659383712c397dc4b61cacb-b9ffe9007a4cd971a305ac35efd97a6ae76193c62a33b9f49f704113caedaad6,abe464ff6d208dc29d603390b9992bcccb9b06e57c94eb07ce579966fd0608e1-908d2831d769fc7a24550e080ae2cb7b7ed6fbb4b659383712c397dc4b61cacb-b9ffe9007a4cd971a305ac35efd97a6ae76193c62a33b9f49f704113caedaad6,164a0f4846758b287449b92b318febdebe71caa521262daf88395d4b3a2e939b,908d2831d769fc7a24550e080ae2cb7b7ed6fbb4b659383712c397dc4b61cacb
ad57366865126e55649ecb23ae1d48887544976efea46a48eb5d85a6eeb4d306,abe464ff6d208dc29d603390b9992bcccb9b06e57c94eb07ce579966fd0608e1,302c9f501c1f4f9b8a3a7eebc4ca3f693c7dd79f11ef10990461c9475697da2d,ae5ee4e475c9ed4edeadf6f223874cdba0de2820c52d577931d417edcca0c802,fb2a4edd17f56dd07d1c9aef6b98e9094c35846f260bdc765c87bd6f2e8a7921,302c9f501c1f4f9b8a3a7eebc4ca3f693c7dd79f11ef10990461c9475697da2d,ae5ee4e475c9ed4edeadf6f223874cdba0de2820c52d577931d417edcca0c802,49d32faf94c75581e9547597e3735ebfa319c71d5f7af16747e4a327b3fa0942,8de0b3c47f112c59745f717a626932264c422a7563954872e237b223af4ad643,280.5449100683837,237.40419304438745,188.36248642388318,7199a648b588394f21deed6d6c87a8a9ced37ec2856f643104acc033cb66791d,8bda157a2fc2a609ddca37f9c440212d467102d89c68f1cd11a20bcc8e760327,a26cdf3a6e709124385d4d7eb9bff6b897a58ed5597fbab779b89849dbe81b21,9729c4a9e9f0f13453dc97c4298183af7a88b3e890a56d8adcfff880441c934d-ae5ee4e475c9ed4edeadf6f223874cdba0de2820c52d577931d417edcca0c802,abe464ff6d208dc29d603390b9992bcccb9b06e57c94eb07ce579966fd0608e1-9729c4a9e9f0f13453dc97c4298183af7a88b3e890a56d8adcfff880441c934d-ae5ee4e475c9ed4edeadf6f223874cdba0de2820c52d577931d417edcca0c802,d437fd0520a627ea969f26de517ee82e6b7dad2e107196aeaeabdfd42cc5edbf,9729c4a9e9f0f13453dc97c4298183af7a88b3e890a56d8adcfff880441c934d
ad57366865126e55649ecb23ae1d48887544976efea46a48eb5d85a6eeb4d306,abe464ff6d208dc29d603390b9992bcccb9b06e57c94eb07ce579966fd0608e1,302c9f501c1f4f9b8a3a7eebc4ca3f693c7dd79f11ef10990461c9475697da2d,b9ffe9007a4cd971a305ac35efd97a6ae76193c62a33b9f49f704113caedaad6,fb2a4edd17f56dd07d1c9aef6b98e9094c35846f260bdc765c87bd6f2e8a7921,302c9f501c1f4f9b8a3a7eebc4ca3f693c7dd79f11ef10990461c9475697da2d,b9ffe9007a4cd971a305ac35efd97a6ae76193c62a33b9f49f704113caedaad6,5c77300873282d89c4725dcf971dc89b82e434b7642330cad15f654a2fb0edd2,8de0b3c47f112c59745f717a626932264c422a7563954872e237b223af4ad643,70.43815463594143,298.3476632017405,558.0152963090587,7199a648b588394f21deed6d6c87a8a9ced37ec2856f643104acc033cb66791d,8bda157a2fc2a609ddca37f9c440212d467102d89c68f1cd11a20bcc8e760327,a26cdf3a6e709124385d4d7eb9bff6b897a58ed5597fbab779b89849dbe81b21,9729c4a9e9f0f13453dc97c4298183af7a88b3e890a56d8adcfff880441c934d-b9ffe9007a4cd971a305ac35efd97a6ae76193c62a33b9f49f704113caedaad6,abe464ff6d208dc29d603390b9992bcccb9b06e57c94eb07ce579966fd0608e1-9729c4a9e9f0f13453dc97c4298183af7a88b3e890a56d8adcfff880441c934d-b9ffe9007a4cd971a305ac35efd97a6ae76193c62a33b9f49f704113caedaad6,164a0f4846758b287449b92b318febdebe71caa521262daf88395d4b3a2e939b,9729c4a9e9f0f13453dc97c4298183af7a88b3e890a56d8adcfff880441c934d
ad57366865126e55649ecb23ae1d48887544976efea46a48eb5d85a6eeb4d306,abe464ff6d208dc29d603390b9992bcccb9b06e57c94eb07ce579966fd0608e1,36be4a27ab08a6c2d57ed0359f98b0aedf75f07ef4626c318615054353ac0a44,0f24794338ec0aa81fd7079166108c55022c0b70935e910a5efd4e8af270e20a,fb2a4edd17f56dd07d1c9aef6b98e9094c35846f260bdc765c87bd6f2e8a7921,36be4a27ab08a6c2d57ed0359f98b0aedf75f07ef4626c318615054353ac0a44,0f24794338ec0aa81fd7079166108c55022c0b70935e910a5efd4e8af270e20a,3eb950dcb975bf6a7d20455302b6666a44c545a9a3ec029ce5514383cfd368dd,8de0b3c47f112c59745f717a626932264c422a7563954872e237b223af4ad643,458.60565345651025,543.8617010973375,203.16189052951933,923460afd903841a21363fb1ae650e8d624aaea62efe94c043dced07673a52e3,8bda157a2fc2a609ddca37f9c440212d467102d89c68f1cd11a20bcc8e760327,a26cdf3a6e709124385d4d7eb9bff6b897a58ed5597fbab779b89849dbe81b21,b0b99f39c1212ed23f94b59cb05fd0a17aec8801182e7156780dda64e6e306bb-0f24794338ec0aa81fd7079166108c55022c0b70935e910a5efd4e8af270e20a,abe464ff6d208dc29d603390b9992bcccb9b06e57c94eb07ce579966fd0608e1-b0b99f39c1212ed23f94b59cb05fd0a17aec8801182e7156780dda64e6e306bb-0f24794338ec0aa81fd7079166108c55022c0b70935e910a5efd4e8af270e20a,ee3b192edd2795d0ed5c978cf97d133ed59c002d33e708f6fece6fa9aac389c8,b0b99f39c1212ed23f94b59cb05fd0a17aec8801182e7156780dda64e6e306bb
ad57366865126e55649ecb23ae1d48887544976efea46a48eb5d85a6eeb4d306,abe464ff6d208dc29d603390b9992bcccb9b06e57c94eb07ce579966fd0608e1,36be4a27ab08a6c2d57ed0359f98b0aedf75f07ef4626c318615054353ac0a44,ae5ee4e475c9ed4edeadf6f223874cdba0de2820c52d577931d417edcca0c802,fb2a4edd17f56dd07d1c9aef6b98e9094c35846f260bdc765c87bd6f2e8a7921,36be4a27ab08a6c2d57ed0359f98b0aedf75f07ef4626c318615054353ac0a44,ae5ee4e475c9ed4edeadf6f223874cdba0de2820c52d577931d417edcca0c802,49d32faf94c75581e9547597e3735ebfa319c71d5f7af16747e4a327b3fa0942,8de0b3c47f112c59745f717a626932264c422a7563954872e237b223af4ad643,3920.302252149531,7059.489910356736,525.4900330080641,e4d8e2c97976e3e0ddeae407fd54987f0b4f8d6792284742b51399a078765319,8bda157a2fc2a609ddca37f9c440212d467102d89c68f1cd11a20bcc8e760327,a26cdf3a6e709124385d4d7eb9bff6b897a58ed5597fbab779b89849dbe81b21,b0b99f39c1212ed23f94b59cb05fd0a17aec8801182e7156780dda64e6e306bb-ae5ee4e475c9ed4edeadf6f223874cdba0de2820c52d577931d417edcca0c802,abe464ff6d208dc29d603390b9992bcccb9b06e57c94eb07ce579966fd0608e1-b0b99f39c1212ed23f94b59cb05fd0a17aec8801182e7156780dda64e6e306bb-ae5ee4e475c9ed4edeadf6f223874cdba0de2820c52d577931d417edcca0c802,d437fd0520a627ea969f26de517ee82e6b7dad2e107196aeaeabdfd42cc5edbf,b0b99f39c1212ed23f94b59cb05fd0a17aec8801182e7156780dda64e6e306bb
ad57366865126e55649ecb23ae1d48887544976efea46a48eb5d85a6eeb4d306,abe464ff6d208dc29d603390b9992bcccb9b06e57c94eb07ce579966fd0608e1,36be4a27ab08a6c2d57ed0359f98b0aedf75f07ef4626c318615054353ac0a44,b9ffe9007a4cd971a305ac35efd97a6ae76193c62a33b9f49f704113caedaad6,fb2a4edd17f56dd07d1c9aef6b98e9094c35846f260bdc765c87bd6f2e8a7921,36be4a27ab08a6c2d57ed0359f98b0aedf75f07ef4626c318615054353ac0a44,b9ffe9007a4cd971a305ac35efd97a6ae76193c62a33b9f49f704113caedaad6,5c77300873282d89c4725dcf971dc89b82e434b7642330cad15f654a2fb0edd2,8de0b3c47f112c59745f717a626932264c422a7563954872e237b223af4ad643,4701.599238370484,6899.945970176232,271.04016220433186,e4d8e2c97976e3e0ddeae407fd54987f0b4f8d6792284742b51399a078765319,8bda157a2fc2a609ddca37f9c440212d467102d89c68f1cd11a20bcc8e760327,a26cdf3a6e709124385d4d7eb9bff6b897a58ed5597fbab779b89849dbe81b21,b0b99f39c1212ed23f94b59cb05fd0a17aec8801182e7156780dda64e6e306bb-b9ffe9007a4cd971a305ac35efd97a6ae76193c62a33b9f49f704113caedaad6,abe464ff6d208dc29d603390b9992bcccb9b06e57c94eb07ce579966fd0608e1-b0b99f39c1212ed23f94b59cb05fd0a17aec8801182e7156780dda64e6e306bb-b9ffe9007a4cd971a305ac35efd97a6ae76193c62a33b9f49f704113caedaad6,164a0f4846758b287449b92b318febdebe71caa521262daf88395d4b3a2e939b,b0b99f39c1212ed23f94b59cb05fd0a17aec8801182e7156780dda64e6e306bb
ad57366865126e55649ecb23ae1d48887544976efea46a48eb5d85a6eeb4d306,abe464ff6d208dc29d603390b9992bcccb9b06e57c94eb07ce579966fd0608e1,263b389a4d8330444749423cd8ca08b2fcc397c641854eb5ce9023368afe7c9e,0f24794338ec0aa81fd7079166108c55022c0b70935e910a5efd4e8af270e20a,fb2a4edd17f56dd07d1c9aef6b98e9094c35846f260bdc765c87bd6f2e8a7921,263b389a4d8330444749423cd8ca08b2fcc397c641854eb5ce9023368afe7c9e,0f24794338ec0aa81fd7079166108c55022c0b70935e910a5efd4e8af270e20a,3eb950dcb975bf6a7d20455302b6666a44c545a9a3ec029ce5514383cfd368dd,8de0b3c47f112c59745f717a626932264c422a7563954872e237b223af4ad643,169.02113079066066,527.7888823041151,228.41070275723803,923460afd903841a21363fb1ae650e8d624aaea62efe94c043dced07673a52e3,8bda157a2fc2a609ddca37f9c440212d467102d89c68f1cd11a20bcc8e760327,a26cdf3a6e709124385d4d7eb9bff6b897a58ed5597fbab779b89849dbe81b21,e54330537af86b38be9ccc391b60e583c9c69161259c9f339998e307f52ecb94-0f24794338ec0aa81fd7079166108c55022c0b70935e910a5efd4e8af270e20a,abe464ff6d208dc29d603390b9992bcccb9b06e57c94eb07ce579966fd0608e1-e54330537af86b38be9ccc391b60e583c9c69161259c9f339998e307f52ecb94-0f24794338ec0aa81fd7079166108c55022c0b70935e910a5efd4e8af270e20a,ee3b192edd2795d0ed5c978cf97d133ed59c002d33e708f6fece6fa9aac389c8,e54330537af86b38be9ccc391b60e583c9c69161259c9f339998e307f52ecb94
ad57366865126e55649ecb23ae1d48887544976efea46a48eb5d85a6eeb4d306,abe464ff6d208dc29d603390b9992bcccb9b06e57c94eb07ce579966fd0608e1,263b389a4d8330444749423cd8ca08b2fcc397c641854eb5ce9023368afe7c9e,ae5ee4e475c9ed4edeadf6f223874cdba0de2820c52d577931d417edcca0c802,fb2a4edd17f56dd07d1c9aef6b98e9094c35846f260bdc765c87bd6f2e8a7921,263b389a4d8330444749423cd8ca08b2fcc397c641854eb5ce9023368afe7c9e,ae5ee4e475c9ed4edeadf6f223874cdba0de2820c52d577931d417edcca0c802,49d32faf94c75581e9547597e3735ebfa319c71d5f7af16747e4a327b3fa0942,8de0b3c47f112c59745f717a626932264c422a7563954872e237b223af4ad643,2569.720922521073,4845.735910875977,349.47485078903674,e4d8e2c97976e3e0ddeae407fd54987f0b4f8d6792284742b51399a078765319,8bda157a2fc2a609ddca37f9c440212d467102d89c68f1cd11a20bcc8e760327,a26cdf3a6e709124385d4d7eb9bff6b897a58ed5597fbab779b89849dbe81b21,e54330537af86b38be9ccc391b60e583c9c69161259c9f339998e307f52ecb94-ae5ee4e475c9ed4edeadf6f223874cdba0de2820c52d577931d417edcca0c802,abe464ff6d208dc29d603390b9992bcccb9b06e57c94eb07ce579966fd0608e1-e54330537af86b38be9ccc391b60e583c9c69161259c9f339998e307f52ecb94-ae5ee4e475c9ed4edeadf6f223874cdba0de2820c52d577931d417edcca0c802,d437fd0520a627ea969f26de517ee82e6b7dad2e107196aeaeabdfd42cc5edbf,e54330537af86b38be9ccc391b60e583c9c69161259c9f339998e307f52ecb94
ad57366865126e55649ecb23ae1d48887544976efea46a48eb5d85a6eeb4d306,abe464ff6d208dc29d603390b9992bcccb9b06e57c94eb07ce579966fd0608e1,263b389a4d8330444749423cd8ca08b2fcc397c641854eb5ce9023368afe7c9e,b9ffe9007a4cd971a305ac35efd97a6ae76193c62a33b9f49f704113caedaad6,fb2a4edd17f56dd07d1c9aef6b98e9094c35846f260bdc765c87bd6f2e8a7921,263b389a4d8330444749423cd8ca08b2fcc397c641854eb5ce9023368afe7c9e,b9ffe9007a4cd971a305ac35efd97a6ae76193c62a33b9f49f704113caedaad6,5c77300873282d89c4725dcf971dc89b82e434b7642330cad15f654a2fb0edd2,8de0b3c47f112c59745f717a626932264c422a7563954872e237b223af4ad643,4729.77503399838,4616.200060046314,538.7985591026113,e4d8e2c97976e3e0ddeae407fd54987f0b4f8d6792284742b51399a078765319,8bda157a2fc2a609ddca37f9c440212d467102d89c68f1cd11a20bcc8e760327,a26cdf3a6e709124385d4d7eb9bff6b897a58ed5597fbab779b89849dbe81b21,e54330537af86b38be9ccc391b60e583c9c69161259c9f339998e307f52ecb94-b9ffe9007a4cd971a305ac35efd97a6ae76193c62a33b9f49f704113caedaad6,abe464ff6d208dc29d603390b9992bcccb9b06e57c94eb07ce579966fd0608e1-e54330537af86b38be9ccc391b60e583c9c69161259c9f339998e307f52ecb94-b9ffe9007a4cd971a305ac35efd97a6ae76193c62a33b9f49f704113caedaad6,164a0f4846758b287449b92b318febdebe71caa521262daf88395d4b3a2e939b,e54330537af86b38be9ccc391b60e583c9c69161259c9f339998e307f52ecb94
